code,date,time,floor,type,basicPrice,ceilingPrice,floorPrice,open,high,low,close,average,adOpen,adHigh,adLow,adClose,adAverage,nmVolume,nmValue,ptVolume,ptValue,change,adChange,pctChange
APC,2023-08-02,15:08:01,HOSE,STOCK,12.35,13.2,11.5,12.1,12.3,12.05,12.2,12.21,12.1,12.3,12.05,12.2,12.21,2700.0,32955000.0,0.0,0.0,-0.15,-0.15,-1.2146
ASM,2023-08-02,15:08:01,HOSE,STOCK,11.4,12.15,10.65,11.4,11.7,11.3,11.55,11.47,11.4,11.7,11.3,11.55,11.47,6157400.0,70633735000.0,0.0,0.0,0.15,0.15,1.3158
BAF,2023-08-02,15:08:01,HOSE,STOCK,23.65,25.3,22.0,23.45,23.7,23.45,23.45,23.56,23.45,23.7,23.45,23.45,23.56,2484400.0,58523135000.0,0.0,0.0,-0.2,-0.2,-0.8457
HAG,2023-08-02,15:08:01,HOSE,STOCK,8.9,9.52,8.28,8.9,9.2,8.79,9.1,9.05,8.9,9.2,8.79,9.1,9.05,24297800.0,220015843000.0,0.0,0.0,0.2,0.2,2.2472
HNG,2023-08-02,15:08:01,HOSE,STOCK,4.12,4.4,3.84,4.12,4.4,4.11,4.4,4.34,4.12,4.4,4.11,4.4,4.34,13689400.0,59477867000.0,1000000.0,4200000000.0,0.28,0.28,6.7961
HSL,2023-08-02,15:08:01,HOSE,STOCK,5.7,6.09,5.31,5.7,5.78,5.69,5.71,5.75,5.7,5.78,5.69,5.71,5.75,100000.0,574881000.0,0.0,0.0,0.01,0.01,0.1754
NSC,2023-08-02,15:08:01,HOSE,STOCK,73.8,78.9,68.7,74.0,75.3,73.4,75.0,73.92,74.0,75.3,73.4,75.0,73.92,18000.0,1330540000.0,0.0,0.0,1.2,1.2,1.626
SJF,2023-08-02,15:08:01,HOSE,STOCK,4.1,4.38,3.82,4.06,4.19,4.06,4.17,4.15,4.06,4.19,4.06,4.17,4.15,877800.0,3640900000.0,0.0,0.0,0.07,0.07,1.7073
SSC,2023-08-02,15:08:01,HOSE,STOCK,32.1,34.3,29.9,32.4,32.4,32.4,32.4,32.4,32.4,32.4,32.4,32.4,32.4,200.0,6480000.0,0.0,0.0,0.3,0.3,0.9346
CTP,2023-08-02,15:08:02,HNX,STOCK,4.8,5.2,4.4,4.7,4.8,4.7,4.8,4.7,4.7,4.8,4.7,4.8,4.7,102400.0,481300000.0,0.0,0.0,0.0,0.0,0.0
HKT,2023-08-02,15:08:02,HNX,STOCK,5.8,6.3,5.3,5.6,5.8,5.6,5.8,5.634,5.6,5.8,5.6,5.8,5.634,5300.0,29860000.0,0.0,0.0,0.0,0.0,0.0
PSW,2023-08-02,15:08:02,HNX,STOCK,9.1,10.0,8.2,9.2,9.2,8.9,9.0,8.977,9.2,9.2,8.9,9.0,8.977,45700.0,410270000.0,0.0,0.0,-0.1,-0.1,-1.0989
VIF,2023-08-02,15:08:02,HNX,STOCK,14.5,15.9,13.1,14.5,15.2,14.5,15.0,14.829,14.5,15.2,14.5,15.0,14.829,2400.0,35590000.0,0.0,0.0,0.5,0.5,3.4483
APT,2023-08-02,15:08:01,UPCOM,STOCK,3.1,3.5,2.7,3.1,3.1,3.1,3.1,3.1,3.1,3.1,3.1,3.1,3.1,0.0,0.0,0.0,0.0,0.0,0.0,0.0
BHG,2023-08-02,15:08:01,UPCOM,STOCK,13.5,15.5,11.5,13.5,13.5,13.5,13.5,13.5,13.5,13.5,13.5,13.5,13.5,0.0,0.0,0.0,0.0,0.0,0.0,0.0
CNA,2023-08-02,15:08:01,UPCOM,STOCK,43.9,61.4,26.4,43.9,43.9,43.9,43.9,43.9,43.9,43.9,43.9,43.9,43.9,0.0,0.0,0.0,0.0,0.0,0.0,0.0
CPA,2023-08-02,15:08:01,UPCOM,STOCK,7.1,8.1,6.1,7.1,7.1,7.1,7.1,7.1,7.1,7.1,7.1,7.1,7.1,0.0,0.0,0.0,0.0,0.0,0.0,0.0
DRG,2023-08-02,15:08:01,UPCOM,STOCK,7.0,8.0,6.0,7.0,7.0,7.0,7.0,7.0,7.0,7.0,7.0,7.0,7.0,200.0,1400000.0,0.0,0.0,0.0,0.0,0.0
FGL,2023-08-02,15:08:01,UPCOM,STOCK,12.5,17.5,7.5,12.5,12.5,12.5,12.5,12.5,12.5,12.5,12.5,12.5,12.5,0.0,0.0,0.0,0.0,0.0,0.0,0.0
FRM,2023-08-02,15:08:01,UPCOM,STOCK,5.7,7.9,3.5,5.7,5.7,5.7,5.7,5.7,5.7,5.7,5.7,5.7,5.7,0.0,0.0,0.0,0.0,0.0,0.0,0.0
HVA,2023-08-02,15:08:01,UPCOM,STOCK,5.0,5.7,4.3,5.0,5.0,5.0,5.0,5.0,5.0,5.0,5.0,5.0,5.0,0.0,0.0,0.0,0.0,0.0,0.0,0.0
LNC,2023-08-02,15:08:01,UPCOM,STOCK,10.0,14.0,6.0,10.0,10.0,10.0,10.0,10.0,10.0,10.0,10.0,10.0,10.0,0.0,0.0,0.0,0.0,0.0,0.0,0.0
MLS,2023-08-02,15:08:01,UPCOM,STOCK,14.2,16.3,12.1,14.2,14.6,14.2,14.5,14.45,14.2,14.6,14.2,14.5,14.45,400.0,5780000.0,0.0,0.0,0.3,0.3,2.1127
NSS,2023-08-02,15:08:01,UPCOM,STOCK,3.0,4.2,1.8,3.0,3.0,3.0,3.0,3.0,3.0,3.0,3.0,3.0,3.0,0.0,0.0,0.0,0.0,0.0,0.0,0.0
PSL,2023-08-02,15:08:01,UPCOM,STOCK,13.7,15.7,11.7,13.5,13.6,13.5,13.6,13.523,13.5,13.6,13.5,13.6,13.523,1300.0,17580000.0,0.0,0.0,-0.1,-0.1,-0.7299
SEA,2023-08-02,15:08:01,UPCOM,STOCK,23.2,26.6,19.8,23.1,23.1,23.0,23.0,23.033,23.1,23.1,23.0,23.0,23.033,5200.0,119770000.0,0.0,0.0,-0.2,-0.2,-0.8621
SEP,2023-08-02,15:08:01,UPCOM,STOCK,26.1,30.0,22.2,30.0,30.0,30.0,30.0,30.0,30.0,30.0,30.0,30.0,30.0,700.0,21000000.0,0.0,0.0,3.9,3.9,14.9425
TAN,2023-08-02,15:08:01,UPCOM,STOCK,41.0,57.4,24.6,41.0,41.0,41.0,41.0,41.0,41.0,41.0,41.0,41.0,41.0,0.0,0.0,0.0,0.0,0.0,0.0,0.0
SQC,2023-08-02,15:08:01,UPCOM,STOCK,15.8,18.1,13.5,13.5,13.5,13.5,13.5,13.5,13.5,13.5,13.5,13.5,13.5,3000.0,40500000.0,0.0,0.0,-2.3,-2.3,-14.557
TMG,2023-08-02,15:08:01,UPCOM,STOCK,56.6,65.0,48.2,56.4,57.6,56.4,57.6,57.0,56.4,57.6,56.4,57.6,57.0,200.0,11400000.0,0.0,0.0,1.0,1.0,1.7668
PSB,2023-08-02,15:08:01,UPCOM,STOCK,6.6,7.5,5.7,6.6,6.8,6.6,6.8,6.606,6.6,6.8,6.6,6.8,6.606,14000.0,92490000.0,0.0,0.0,0.2,0.2,3.0303
POS,2023-08-02,15:08:01,UPCOM,STOCK,12.8,14.7,10.9,12.5,12.9,12.4,12.5,12.491,12.5,12.9,12.4,12.5,12.491,3524.0,44022400.0,0.0,0.0,-0.3,-0.3,-2.3438
MIC,2023-08-02,15:08:01,UPCOM,STOCK,10.0,11.5,8.5,8.5,8.5,8.5,8.5,8.5,8.5,8.5,8.5,8.5,8.5,170.0,1454100.0,0.0,0.0,-1.5,-1.5,-15.0
MSR,2023-08-02,15:08:01,UPCOM,STOCK,16.8,19.3,14.3,16.7,16.8,16.6,16.8,16.76,16.7,16.8,16.6,16.8,16.76,327152.0,5483103600.0,0.0,0.0,0.0,0.0,0.0
MTA,2023-08-02,15:08:01,UPCOM,STOCK,5.0,5.7,4.3,5.1,5.1,4.6,4.6,4.986,5.1,5.1,4.6,4.6,4.986,2200.0,10970000.0,0.0,0.0,-0.4,-0.4,-8.0
VCE,2023-08-02,15:08:01,UPCOM,STOCK,8.0,11.2,4.8,8.0,8.0,8.0,8.0,8.0,8.0,8.0,8.0,8.0,8.0,0.0,0.0,0.0,0.0,0.0,0.0,0.0
VDB,2023-08-02,15:08:01,UPCOM,STOCK,0.9,1.2,0.6,0.9,0.9,0.9,0.9,0.9,0.9,0.9,0.9,0.9,0.9,0.0,0.0,0.0,0.0,0.0,0.0,0.0
VIM,2023-08-02,15:08:01,UPCOM,STOCK,22.3,25.6,19.0,22.3,22.3,22.3,22.3,22.3,22.3,22.3,22.3,22.3,22.3,0.0,0.0,0.0,0.0,0.0,0.0,0.0
VLB,2023-08-02,15:08:01,UPCOM,STOCK,42.4,48.7,36.1,42.4,42.6,41.4,42.1,42.037,42.4,42.6,41.4,42.1,42.037,186409.0,7836009200.0,0.0,0.0,-0.3,-0.3,-0.7075
LCM,2023-08-02,15:08:01,UPCOM,STOCK,3.8,4.3,3.3,3.7,3.7,3.6,3.7,3.652,3.7,3.7,3.6,3.7,3.652,130065.0,474949700.0,0.0,0.0,-0.1,-0.1,-2.6316
MGC,2023-08-02,15:08:01,UPCOM,STOCK,5.9,6.7,5.1,6.5,6.7,6.0,6.7,6.529,6.5,6.7,6.0,6.7,6.529,127507.0,832537900.0,0.0,0.0,0.8,0.8,13.5593
ITS,2023-08-02,15:08:01,UPCOM,STOCK,4.4,5.0,3.8,4.3,4.5,4.3,4.3,4.32,4.3,4.5,4.3,4.3,4.32,8800.0,38020000.0,0.0,0.0,-0.1,-0.1,-2.2727
KCB,2023-08-02,15:08:01,UPCOM,STOCK,6.1,7.0,5.2,6.1,6.4,6.1,6.2,6.274,6.1,6.4,6.1,6.2,6.274,29300.0,183820000.0,0.0,0.0,0.1,0.1,1.6393
KLM,2023-08-02,15:08:01,UPCOM,STOCK,9.2,12.8,5.6,9.2,9.2,9.2,9.2,9.2,9.2,9.2,9.2,9.2,9.2,0.0,0.0,0.0,0.0,0.0,0.0,0.0
KSH,2023-08-02,15:08:01,UPCOM,STOCK,0.9,1.0,0.8,0.9,0.9,0.9,0.9,0.9,0.9,0.9,0.9,0.9,0.9,0.0,0.0,0.0,0.0,0.0,0.0,0.0
HPM,2023-08-02,15:08:01,UPCOM,STOCK,15.5,21.7,9.3,15.5,15.5,15.5,15.5,15.5,15.5,15.5,15.5,15.5,15.5,0.0,0.0,0.0,0.0,0.0,0.0,0.0
GLC,2023-08-02,15:08:01,UPCOM,STOCK,10.0,14.0,6.0,10.0,10.0,10.0,10.0,10.0,10.0,10.0,10.0,10.0,10.0,0.0,0.0,0.0,0.0,0.0,0.0,0.0
CMI,2023-08-02,15:08:01,UPCOM,STOCK,2.2,2.5,1.9,2.2,2.2,2.2,2.2,2.2,2.2,2.2,2.2,2.2,2.2,0.0,0.0,0.0,0.0,0.0,0.0,0.0
CST,2023-08-02,15:08:01,UPCOM,STOCK,18.5,21.2,15.8,18.4,18.6,18.4,18.5,18.436,18.4,18.6,18.4,18.5,18.436,118402.0,2182856600.0,0.0,0.0,0.0,0.0,0.0
CTA,2023-08-02,15:08:01,UPCOM,STOCK,1.4,1.6,1.2,1.4,1.4,1.4,1.4,1.4,1.4,1.4,1.4,1.4,1.4,0.0,0.0,0.0,0.0,0.0,0.0,0.0
DLT,2023-08-02,15:08:01,UPCOM,STOCK,17.1,23.9,10.3,17.1,17.1,17.1,17.1,17.1,17.1,17.1,17.1,17.1,17.1,0.0,0.0,0.0,0.0,0.0,0.0,0.0
ATG,2023-08-02,15:08:01,UPCOM,STOCK,3.1,3.5,2.7,3.1,3.1,3.1,3.1,3.1,3.1,3.1,3.1,3.1,3.1,0.0,0.0,0.0,0.0,0.0,0.0,0.0
BCB,2023-08-02,15:08:01,UPCOM,STOCK,0.5,0.6,0.4,0.5,0.5,0.5,0.5,0.5,0.5,0.5,0.5,0.5,0.5,0.0,0.0,57300.0,28651100.0,0.0,0.0,0.0
ALV,2023-08-02,15:08:01,UPCOM,STOCK,4.6,5.2,4.0,4.6,4.8,4.6,4.7,4.665,4.6,4.8,4.6,4.7,4.665,8603.0,40134000.0,0.0,0.0,0.1,0.1,2.1739
ACM,2023-08-02,15:08:01,UPCOM,STOCK,0.7,0.8,0.6,0.7,0.7,0.7,0.7,0.7,0.7,0.7,0.7,0.7,0.7,0.0,0.0,0.0,0.0,0.0,0.0,0.0
BMJ,2023-08-02,15:08:01,UPCOM,STOCK,13.8,15.8,11.8,13.8,13.8,13.8,13.8,13.8,13.8,13.8,13.8,13.8,13.8,0.0,0.0,0.0,0.0,0.0,0.0,0.0
TVD,2023-08-02,15:08:02,HNX,STOCK,16.3,17.9,14.7,16.3,16.3,16.1,16.2,16.209,16.3,16.3,16.1,16.2,16.209,138014.0,2237034900.0,0.0,0.0,-0.1,-0.1,-0.6135
SPI,2023-08-02,15:08:02,HNX,STOCK,3.1,3.4,2.8,3.1,3.1,2.9,3.0,3.016,3.1,3.1,2.9,3.0,3.016,79500.0,239810000.0,0.0,0.0,-0.1,-0.1,-3.2258
TC6,2023-08-02,15:08:02,HNX,STOCK,8.9,9.7,8.1,8.9,9.0,8.8,9.0,8.876,8.9,9.0,8.8,9.0,8.876,165384.0,1467959600.0,0.0,0.0,0.1,0.1,1.1236
TDN,2023-08-02,15:08:02,HNX,STOCK,11.1,12.2,10.0,11.1,11.2,10.9,11.1,11.03,11.1,11.2,10.9,11.1,11.03,53800.0,593390000.0,0.0,0.0,0.0,0.0,0.0
THT,2023-08-02,15:08:02,HNX,STOCK,13.4,14.7,12.1,13.4,13.6,13.2,13.6,13.44,13.4,13.6,13.2,13.6,13.44,221000.0,2970310000.0,0.0,0.0,0.2,0.2,1.4925
TMB,2023-08-02,15:08:02,HNX,STOCK,41.9,46.0,37.8,44.5,44.5,40.3,41.8,40.901,44.5,44.5,40.3,41.8,40.901,28514.0,1166479900.0,0.0,0.0,-0.1,-0.1,-0.2387
PVB,2023-08-02,15:08:02,HNX,STOCK,22.5,24.7,20.3,22.3,22.7,22.0,22.3,22.266,22.3,22.7,22.0,22.3,22.266,635573.0,14151386300.0,0.0,0.0,-0.2,-0.2,-0.8889
PVC,2023-08-02,15:08:02,HNX,STOCK,18.9,20.7,17.1,19.0,19.3,18.8,19.1,19.01,19.0,19.3,18.8,19.1,19.01,1102616.0,20960754900.0,0.0,0.0,0.2,0.2,1.0582
PVS,2023-08-02,15:08:02,HNX,STOCK,33.7,37.0,30.4,33.7,34.3,33.4,34.0,33.821,33.7,34.3,33.4,34.0,33.821,5596240.0,189268050300.0,0.0,0.0,0.3,0.3,0.8902
HLC,2023-08-02,15:08:02,HNX,STOCK,12.0,13.2,10.8,12.0,12.0,11.9,12.0,11.978,12.0,12.0,11.9,12.0,11.978,17900.0,214410000.0,0.0,0.0,0.0,0.0,0.0
HGM,2023-08-02,15:08:02,HNX,STOCK,48.0,52.8,43.2,48.0,48.0,48.0,48.0,48.0,48.0,48.0,48.0,48.0,48.0,0.0,0.0,17000.0,734400000.0,0.0,0.0,0.0
HMR,2023-08-02,15:08:02,HNX,STOCK,7.8,8.5,7.1,7.8,7.9,7.8,7.9,7.892,7.8,7.9,7.8,7.9,7.892,2500.0,19730000.0,0.0,0.0,0.1,0.1,1.2821
KSQ,2023-08-02,15:08:02,HNX,STOCK,2.6,2.8,2.4,2.5,2.6,2.5,2.6,2.55,2.5,2.6,2.5,2.6,2.55,117027.0,298450800.0,0.0,0.0,0.0,0.0,0.0
KSV,2023-08-02,15:08:02,HNX,STOCK,28.4,31.2,25.6,28.4,28.4,28.4,28.4,28.4,28.4,28.4,28.4,28.4,28.4,0.0,0.0,0.0,0.0,0.0,0.0,0.0
MDC,2023-08-02,15:08:02,HNX,STOCK,12.1,13.3,10.9,12.0,12.1,12.0,12.0,12.015,12.0,12.1,12.0,12.0,12.015,20400.0,245100000.0,0.0,0.0,-0.1,-0.1,-0.8264
NBC,2023-08-02,15:08:02,HNX,STOCK,13.0,14.3,11.7,12.8,13.0,12.8,12.9,12.912,12.8,13.0,12.8,12.9,12.912,166609.0,2151143600.0,0.0,0.0,-0.1,-0.1,-0.7692
MIM,2023-08-02,15:08:02,HNX,STOCK,4.2,4.6,3.8,4.2,4.2,4.2,4.2,4.2,4.2,4.2,4.2,4.2,4.2,0.0,0.0,0.0,0.0,0.0,0.0,0.0
MVB,2023-08-02,15:08:02,HNX,STOCK,19.5,21.4,17.6,19.8,19.9,19.1,19.4,19.62,19.8,19.9,19.1,19.4,19.62,500.0,9810000.0,0.0,0.0,-0.1,-0.1,-0.5128
TNT,2023-08-02,15:08:01,HOSE,STOCK,5.45,5.83,5.07,5.5,5.5,5.3,5.44,5.38,5.5,5.5,5.3,5.44,5.38,723800.0,3892376000.0,0.0,0.0,-0.01,-0.01,-0.1835
AMC,2023-08-02,15:08:02,HNX,STOCK,22.0,24.2,19.8,22.0,22.0,22.0,22.0,22.0,20.493,20.493,20.493,20.493,20.493,0.0,0.0,0.0,0.0,0.0,0.0,0.0
BKC,2023-08-02,15:08:02,HNX,STOCK,8.1,8.9,7.3,7.6,8.8,7.6,8.8,7.632,7.6,8.8,7.6,8.8,7.632,3726.0,28429800.0,0.0,0.0,0.7,0.7,8.642
NNC,2023-08-02,15:08:01,HOSE,STOCK,19.0,20.3,17.7,19.2,19.6,19.0,19.2,19.07,19.2,19.6,19.0,19.2,19.07,30600.0,583640000.0,0.0,0.0,0.2,0.2,1.0526
PVD,2023-08-02,15:08:01,HOSE,STOCK,25.5,27.25,23.75,25.55,26.05,25.3,25.9,25.67,25.55,26.05,25.3,25.9,25.67,5480700.0,140682915000.0,0.0,0.0,0.4,0.4,1.5686
KSB,2023-08-02,15:08:01,HOSE,STOCK,31.6,33.8,29.4,31.7,32.1,31.6,32.1,31.92,31.7,32.1,31.6,32.1,31.92,2061500.0,65812950000.0,0.0,0.0,0.5,0.5,1.5823
MDG,2023-08-02,15:08:01,HOSE,STOCK,12.95,13.85,12.05,12.95,12.95,12.95,12.95,0.0,12.95,12.95,12.95,12.95,0.0,0.0,0.0,0.0,0.0,0.0,0.0,0.0
DHM,2023-08-02,15:08:01,HOSE,STOCK,8.14,8.7,7.58,8.0,8.1,8.0,8.09,8.05,8.0,8.1,8.0,8.09,8.05,16700.0,134370000.0,0.0,0.0,-0.05,-0.05,-0.6143
DHA,2023-08-02,15:08:01,HOSE,STOCK,48.7,52.1,45.3,48.3,48.95,48.1,48.9,48.66,48.3,48.95,48.1,48.9,48.66,58300.0,2837085000.0,0.0,0.0,0.2,0.2,0.4107
BMC,2023-08-02,15:08:01,HOSE,STOCK,14.7,15.7,13.7,14.5,14.75,14.1,14.7,14.54,14.5,14.75,14.1,14.7,14.54,37100.0,539500000.0,0.0,0.0,0.0,0.0,0.0
C32,2023-08-02,15:08:01,HOSE,STOCK,19.0,20.3,17.7,19.2,19.2,19.1,19.2,19.11,19.2,19.2,19.1,19.2,19.11,53000.0,1012765000.0,0.0,0.0,0.2,0.2,1.0526
BWE,2023-08-02,15:08:01,HOSE,STOCK,46.0,49.2,42.8,46.0,46.1,45.55,45.55,45.76,46.0,46.1,45.55,45.55,45.76,276900.0,12670855000.0,0.0,0.0,-0.45,-0.45,-0.9783
CHP,2023-08-02,15:08:01,HOSE,STOCK,23.15,24.75,21.55,23.0,23.1,23.0,23.1,23.0,23.0,23.1,23.0,23.1,23.0,19800.0,455415000.0,0.0,0.0,-0.05,-0.05,-0.216
CLW,2023-08-02,15:08:01,HOSE,STOCK,33.0,35.3,30.7,33.0,33.0,33.0,33.0,0.0,33.0,33.0,33.0,33.0,0.0,0.0,0.0,0.0,0.0,0.0,0.0,0.0
CNG,2023-08-02,15:08:01,HOSE,STOCK,27.5,29.4,25.6,27.6,28.5,27.6,28.15,27.98,27.6,28.5,27.6,28.15,27.98,68200.0,1908090000.0,0.0,0.0,0.65,0.65,2.3636
BTP,2023-08-02,15:08:01,HOSE,STOCK,15.6,16.65,14.55,15.45,15.85,15.45,15.85,15.65,15.45,15.85,15.45,15.85,15.65,4800.0,75105000.0,0.0,0.0,0.25,0.25,1.6026
ASP,2023-08-02,15:08:01,HOSE,STOCK,6.38,6.82,5.94,6.38,6.38,6.29,6.36,6.34,6.38,6.38,6.29,6.36,6.34,123200.0,781091000.0,0.0,0.0,-0.02,-0.02,-0.3135
DRL,2023-08-02,15:08:01,HOSE,STOCK,66.5,71.1,61.9,66.5,66.5,66.5,66.5,66.5,66.5,66.5,66.5,66.5,66.5,600.0,39900000.0,0.0,0.0,0.0,0.0,0.0
GAS,2023-08-02,15:08:01,HOSE,STOCK,100.7,107.7,93.7,101.0,101.6,99.9,100.4,100.52,101.0,101.6,99.9,100.4,100.52,330500.0,33220920000.0,0.0,0.0,-0.3,-0.3,-0.2979
GEG,2023-08-02,15:08:01,HOSE,STOCK,15.7,16.75,14.65,15.8,15.8,15.55,15.65,15.65,15.8,15.8,15.55,15.65,15.65,1197500.0,18736285000.0,0.0,0.0,-0.05,-0.05,-0.3185
KHP,2023-08-02,15:08:01,HOSE,STOCK,10.45,11.15,9.72,10.55,10.6,10.4,10.45,10.49,10.55,10.6,10.4,10.45,10.49,181000.0,1899585000.0,0.0,0.0,0.0,0.0,0.0
HID,2023-08-02,15:08:01,HOSE,STOCK,3.77,4.03,3.51,3.78,3.79,3.74,3.76,3.76,3.78,3.79,3.74,3.76,3.76,229500.0,862403000.0,0.0,0.0,-0.01,-0.01,-0.2653
POW,2023-08-02,15:08:01,HOSE,STOCK,13.45,14.35,12.55,13.5,13.7,13.4,13.7,13.52,13.5,13.7,13.4,13.7,13.52,9705600.0,131230595000.0,484590.0,6299670000.0,0.25,0.25,1.8587
PPC,2023-08-02,15:08:01,HOSE,STOCK,14.85,15.85,13.85,14.8,14.9,14.75,14.85,14.84,14.8,14.9,14.75,14.85,14.84,188200.0,2793760000.0,0.0,0.0,0.0,0.0,0.0
S4A,2023-08-02,15:08:01,HOSE,STOCK,33.9,36.25,31.55,33.9,33.9,33.9,33.9,33.9,33.9,33.9,33.9,33.9,33.9,1500.0,50850000.0,0.0,0.0,0.0,0.0,0.0
SBA,2023-08-02,15:08:01,HOSE,STOCK,23.3,24.9,21.7,23.2,23.4,23.15,23.4,23.23,23.2,23.4,23.15,23.4,23.23,21500.0,499345000.0,22396.0,485993200.0,0.1,0.1,0.4292
NT2,2023-08-02,15:08:01,HOSE,STOCK,29.25,31.25,27.25,29.0,29.25,29.0,29.2,29.12,29.0,29.25,29.0,29.2,29.12,401000.0,11677750000.0,0.0,0.0,-0.05,-0.05,-0.1709
PGC,2023-08-02,15:08:01,HOSE,STOCK,16.35,17.45,15.25,16.4,16.4,16.1,16.2,16.17,16.097,16.097,15.802,15.9,15.871,133300.0,2156020000.0,0.0,0.0,-0.15,-0.1472,-0.9174
PGD,2023-08-02,15:08:01,HOSE,STOCK,41.4,44.25,38.55,42.0,42.0,41.2,41.9,41.6,42.0,42.0,41.2,41.9,41.6,27000.0,1123075000.0,0.0,0.0,0.5,0.5,1.2077
PGV,2023-08-02,15:08:01,HOSE,STOCK,29.3,31.35,27.25,29.0,29.4,29.0,29.25,29.27,29.0,29.4,29.0,29.25,29.27,17600.0,515090000.0,50000.0,1375000000.0,-0.05,-0.05,-0.1706
BTW,2023-08-02,15:08:02,HNX,STOCK,35.2,38.7,31.7,35.2,35.2,35.2,35.2,35.2,35.2,35.2,35.2,35.2,35.2,0.0,0.0,0.0,0.0,0.0,0.0,0.0
VPD,2023-08-02,15:08:01,HOSE,STOCK,25.2,26.95,23.45,25.15,25.2,25.15,25.2,25.19,25.15,25.2,25.15,25.2,25.19,600.0,15115000.0,0.0,0.0,0.0,0.0,0.0
VSH,2023-08-02,15:08:01,HOSE,STOCK,45.3,48.45,42.15,45.0,45.4,44.6,45.3,45.22,45.0,45.4,44.6,45.3,45.22,32700.0,1478730000.0,0.0,0.0,0.0,0.0,0.0
UIC,2023-08-02,15:08:01,HOSE,STOCK,33.5,35.8,31.2,33.5,33.5,33.5,33.5,33.5,33.5,33.5,33.5,33.5,33.5,900.0,30150000.0,0.0,0.0,0.0,0.0,0.0
TTA,2023-08-02,15:08:01,HOSE,STOCK,8.4,8.98,7.82,8.42,8.59,8.37,8.5,8.49,8.42,8.59,8.37,8.5,8.49,517800.0,4394823000.0,0.0,0.0,0.1,0.1,1.1905
TTE,2023-08-02,15:08:01,HOSE,STOCK,11.0,11.75,10.25,11.0,11.0,11.0,11.0,0.0,11.0,11.0,11.0,11.0,0.0,0.0,0.0,0.0,0.0,0.0,0.0,0.0
TDM,2023-08-02,15:08:01,HOSE,STOCK,39.65,42.4,36.9,40.0,40.05,39.7,40.0,40.0,40.0,40.05,39.7,40.0,40.0,48500.0,1940030000.0,0.0,0.0,0.35,0.35,0.8827
TDW,2023-08-02,15:08:01,HOSE,STOCK,44.95,48.05,41.85,44.95,44.95,44.95,44.95,0.0,44.95,44.95,44.95,44.95,0.0,0.0,0.0,0.0,0.0,0.0,0.0,0.0
TMP,2023-08-02,15:08:01,HOSE,STOCK,56.5,60.4,52.6,53.7,53.7,53.7,53.7,53.7,53.7,53.7,53.7,53.7,53.7,3000.0,161100000.0,0.0,0.0,-2.8,-2.8,-4.9558
SHP,2023-08-02,15:08:01,HOSE,STOCK,28.4,30.35,26.45,28.4,28.5,28.4,28.5,28.45,28.4,28.5,28.4,28.5,28.45,25200.0,717060000.0,0.0,0.0,0.1,0.1,0.3521
SJD,2023-08-02,15:08:01,HOSE,STOCK,17.2,18.4,16.0,17.2,17.2,17.0,17.1,17.07,17.2,17.2,17.0,17.1,17.07,88200.0,1505280000.0,0.0,0.0,-0.1,-0.1,-0.5814
TBC,2023-08-02,15:08:01,HOSE,STOCK,39.5,42.25,36.75,39.0,39.0,37.7,37.7,37.86,39.0,39.0,37.7,37.7,37.86,3700.0,140075000.0,0.0,0.0,-1.8,-1.8,-4.557
NBP,2023-08-02,15:08:02,HNX,STOCK,14.5,15.9,13.1,14.5,14.5,14.5,14.5,14.5,14.5,14.5,14.5,14.5,14.5,0.0,0.0,0.0,0.0,0.0,0.0,0.0
NBW,2023-08-02,15:08:02,HNX,STOCK,24.2,26.6,21.8,26.2,26.2,26.2,26.2,26.2,26.2,26.2,26.2,26.2,26.2,100.0,2620000.0,0.0,0.0,2.0,2.0,8.2645
HJS,2023-08-02,15:08:02,HNX,STOCK,35.0,38.5,31.5,35.0,35.0,35.0,35.0,35.0,35.0,35.0,35.0,35.0,35.0,0.0,0.0,0.0,0.0,0.0,0.0,0.0
IDC,2023-08-02,15:08:02,HNX,STOCK,47.8,52.5,43.1,47.8,49.3,47.8,48.4,48.65,47.8,49.3,47.8,48.4,48.65,3946514.0,191999927300.0,350000.0,15750000000.0,0.6,0.6,1.2552
DTK,2023-08-02,15:08:02,HNX,STOCK,10.8,11.8,9.8,10.8,10.8,10.7,10.8,10.745,10.8,10.8,10.7,10.8,10.745,3144.0,33785200.0,0.0,0.0,0.0,0.0,0.0
GDW,2023-08-02,15:08:02,HNX,STOCK,33.9,37.2,30.6,33.9,33.9,33.9,33.9,33.9,33.1,33.1,33.1,33.1,33.1,501.0,16987200.0,0.0,0.0,0.0,0.0,0.0
DDG,2023-08-02,15:08:02,HNX,STOCK,9.0,9.9,8.1,9.4,9.4,8.4,8.6,8.781,9.4,9.4,8.4,8.6,8.781,2941913.0,25832283600.0,0.0,0.0,-0.4,-0.4,-4.4444
DNC,2023-08-02,15:08:02,HNX,STOCK,43.3,47.6,39.0,43.3,43.3,43.3,43.3,43.3,43.3,43.3,43.3,43.3,43.3,0.0,0.0,0.0,0.0,0.0,0.0,0.0
SEB,2023-08-02,15:08:02,HNX,STOCK,45.0,49.5,40.5,45.0,45.0,45.0,45.0,45.0,44.001,44.001,44.001,44.001,44.001,0.0,0.0,0.0,0.0,0.0,0.0,0.0
PVG,2023-08-02,15:08:02,HNX,STOCK,10.0,11.0,9.0,10.0,10.1,9.9,10.1,10.002,10.0,10.1,9.9,10.1,10.002,107602.0,1076210000.0,0.0,0.0,0.1,0.1,1.0
NTH,2023-08-02,15:08:02,HNX,STOCK,58.0,63.8,52.2,52.6,52.6,52.6,52.6,52.6,52.6,52.6,52.6,52.6,52.6,100.0,5260000.0,0.0,0.0,-5.4,-5.4,-9.3103
PCG,2023-08-02,15:08:02,HNX,STOCK,6.8,7.4,6.2,6.7,6.7,6.5,6.5,6.608,6.7,6.7,6.5,6.5,6.608,4000.0,26430000.0,0.0,0.0,-0.3,-0.3,-4.4118
PGS,2023-08-02,15:08:02,HNX,STOCK,23.6,25.9,21.3,23.2,24.2,23.2,24.2,24.006,23.2,24.2,23.2,24.2,24.006,6567.0,157615200.0,0.0,0.0,0.6,0.6,2.5424
PIC,2023-08-02,15:08:02,HNX,STOCK,13.8,15.1,12.5,13.8,13.8,13.8,13.8,13.8,13.8,13.8,13.8,13.8,13.8,105.0,1395300.0,0.0,0.0,0.0,0.0,0.0
BWA,2023-08-02,15:08:01,UPCOM,STOCK,9.2,10.5,7.9,9.2,9.2,9.2,9.2,9.2,9.2,9.2,9.2,9.2,9.2,0.0,0.0,0.0,0.0,0.0,0.0,0.0
BWS,2023-08-02,15:08:01,UPCOM,STOCK,27.1,31.1,23.1,27.1,27.1,27.1,27.1,27.1,27.1,27.1,27.1,27.1,27.1,5.0,135500.0,0.0,0.0,0.0,0.0,0.0
BGW,2023-08-02,15:08:01,UPCOM,STOCK,17.0,19.5,14.5,17.0,17.0,17.0,17.0,17.0,17.0,17.0,17.0,17.0,17.0,0.0,0.0,0.0,0.0,0.0,0.0,0.0
BHA,2023-08-02,15:08:01,UPCOM,STOCK,15.3,17.5,13.1,15.3,15.3,15.3,15.3,15.3,15.3,15.3,15.3,15.3,15.3,0.0,0.0,0.0,0.0,0.0,0.0,0.0
BLW,2023-08-02,15:08:01,UPCOM,STOCK,10.0,11.5,8.5,10.0,10.0,10.0,10.0,10.0,10.0,10.0,10.0,10.0,10.0,0.0,0.0,0.0,0.0,0.0,0.0,0.0
BNW,2023-08-02,15:08:01,UPCOM,STOCK,9.6,11.0,8.2,9.6,9.6,9.6,9.6,9.6,9.6,9.6,9.6,9.6,9.6,0.0,0.0,0.0,0.0,0.0,0.0,0.0
BRS,2023-08-02,15:08:01,UPCOM,STOCK,19.3,22.1,16.5,20.6,20.6,20.6,20.6,20.6,20.6,20.6,20.6,20.6,20.6,700.0,14420000.0,0.0,0.0,1.3,1.3,6.7358
BSA,2023-08-02,15:08:01,UPCOM,STOCK,17.7,20.3,15.1,17.6,17.8,17.6,17.8,17.684,17.6,17.8,17.6,17.8,17.684,3700.0,65430000.0,0.0,0.0,0.1,0.1,0.565
AVC,2023-08-02,15:08:01,UPCOM,STOCK,49.0,56.3,41.7,50.0,50.0,50.0,50.0,50.0,50.0,50.0,50.0,50.0,50.0,100.0,5000000.0,0.0,0.0,1.0,1.0,2.0408
BDW,2023-08-02,15:08:01,UPCOM,STOCK,17.4,20.0,14.8,20.0,20.0,20.0,20.0,20.0,19.174,19.174,19.174,19.174,19.174,2600.0,52000000.0,0.0,0.0,2.6,2.4926,14.9425
DNA,2023-08-02,15:08:01,UPCOM,STOCK,22.8,26.2,19.4,26.1,26.1,26.1,26.1,26.1,26.1,26.1,26.1,26.1,26.1,100.0,2610000.0,0.0,0.0,3.3,3.3,14.4737
DNE,2023-08-02,15:08:01,UPCOM,STOCK,9.5,10.9,8.1,9.5,9.5,9.5,9.5,9.5,9.5,9.5,9.5,9.5,9.5,900.0,8550000.0,0.0,0.0,0.0,0.0,0.0
DNH,2023-08-02,15:08:01,UPCOM,STOCK,40.0,46.0,34.0,40.0,40.0,40.0,40.0,40.0,40.0,40.0,40.0,40.0,40.0,100.0,4000000.0,0.0,0.0,0.0,0.0,0.0
DNN,2023-08-02,15:08:01,UPCOM,STOCK,0.2,0.3,0.1,0.2,0.2,0.2,0.2,0.2,0.2,0.2,0.2,0.2,0.2,0.0,0.0,0.0,0.0,0.0,0.0,0.0
DNW,2023-08-02,15:08:01,UPCOM,STOCK,27.3,31.3,23.3,27.6,27.9,27.6,27.8,27.884,27.6,27.9,27.6,27.8,27.884,3100.0,86440000.0,0.0,0.0,0.5,0.5,1.8315
CTW,2023-08-02,15:08:01,UPCOM,STOCK,17.0,19.5,14.5,17.0,17.0,16.9,16.9,16.967,17.0,17.0,16.9,16.9,16.967,300.0,5090000.0,0.0,0.0,-0.1,-0.1,-0.5882
CMW,2023-08-02,15:08:01,UPCOM,STOCK,9.0,10.3,7.7,9.0,9.0,9.0,9.0,9.0,9.0,9.0,9.0,9.0,9.0,0.0,0.0,0.0,0.0,0.0,0.0,0.0
GLW,2023-08-02,15:08:01,UPCOM,STOCK,7.0,8.0,6.0,7.0,7.0,7.0,7.0,7.0,7.0,7.0,7.0,7.0,7.0,0.0,0.0,0.0,0.0,0.0,0.0,0.0
GSM,2023-08-02,15:08:01,UPCOM,STOCK,14.7,16.9,12.5,13.0,13.0,13.0,13.0,13.0,13.0,13.0,13.0,13.0,13.0,100.0,1300000.0,0.0,0.0,-1.7,-1.7,-11.5646
GHC,2023-08-02,15:08:01,UPCOM,STOCK,26.6,30.5,22.7,26.6,26.7,26.5,26.5,26.535,26.6,26.7,26.5,26.5,26.535,22300.0,591740000.0,0.0,0.0,-0.1,-0.1,-0.3759
DWC,2023-08-02,15:08:01,UPCOM,STOCK,12.0,16.8,7.2,12.0,12.0,12.0,12.0,12.0,12.0,12.0,12.0,12.0,12.0,0.0,0.0,0.0,0.0,0.0,0.0,0.0
DWS,2023-08-02,15:08:01,UPCOM,STOCK,11.8,13.5,10.1,11.8,11.8,11.8,11.8,11.8,11.8,11.8,11.8,11.8,11.8,1000.0,11800000.0,0.0,0.0,0.0,0.0,0.0
EIC,2023-08-02,15:08:01,UPCOM,STOCK,22.4,25.7,19.1,22.1,22.5,22.1,22.5,22.167,22.1,22.5,22.1,22.5,22.167,1200.0,26600000.0,0.0,0.0,0.1,0.1,0.4464
DTE,2023-08-02,15:08:01,UPCOM,STOCK,5.0,5.7,4.3,5.0,5.0,5.0,5.0,5.0,5.0,5.0,5.0,5.0,5.0,0.0,0.0,0.0,0.0,0.0,0.0,0.0
DTV,2023-08-02,15:08:01,UPCOM,STOCK,36.0,41.4,30.6,36.0,36.0,36.0,36.0,36.0,36.0,36.0,36.0,36.0,36.0,0.0,0.0,0.0,0.0,0.0,0.0,0.0
HWS,2023-08-02,15:08:01,UPCOM,STOCK,12.9,14.8,11.0,12.9,12.9,12.9,12.9,12.9,12.9,12.9,12.9,12.9,12.9,1600.0,20640000.0,0.0,0.0,0.0,0.0,0.0
HND,2023-08-02,15:08:01,UPCOM,STOCK,15.0,17.2,12.8,14.8,15.0,14.2,14.9,14.876,14.8,15.0,14.2,14.9,14.876,11406.0,169679200.0,0.0,0.0,-0.1,-0.1,-0.6667
HPD,2023-08-02,15:08:01,UPCOM,STOCK,20.0,23.0,17.0,20.0,20.5,20.0,20.5,20.2,20.0,20.5,20.0,20.5,20.2,3000.0,60600000.0,0.0,0.0,0.5,0.5,2.5
HPW,2023-08-02,15:08:01,UPCOM,STOCK,16.7,19.2,14.2,14.8,14.8,14.8,14.8,14.8,14.8,14.8,14.8,14.8,14.8,100.0,1480000.0,0.0,0.0,-1.9,-1.9,-11.3772
HDW,2023-08-02,15:08:01,UPCOM,STOCK,12.4,14.2,10.6,12.4,12.4,12.4,12.4,12.4,12.4,12.4,12.4,12.4,12.4,0.0,0.0,0.0,0.0,0.0,0.0,0.0
HEP,2023-08-02,15:08:01,UPCOM,STOCK,13.2,15.1,11.3,13.2,13.2,13.2,13.2,13.2,13.2,13.2,13.2,13.2,13.2,0.0,0.0,0.0,0.0,0.0,0.0,0.0
HGW,2023-08-02,15:08:01,UPCOM,STOCK,9.8,11.2,8.4,9.8,9.8,9.8,9.8,9.8,9.8,9.8,9.8,9.8,9.8,0.0,0.0,0.0,0.0,0.0,0.0,0.0
HNA,2023-08-02,15:08:01,UPCOM,STOCK,17.0,19.5,14.5,17.0,17.4,16.9,17.4,17.239,17.0,17.4,16.9,17.4,17.239,8316.0,143352000.0,0.0,0.0,0.4,0.4,2.3529
KHW,2023-08-02,15:08:01,UPCOM,STOCK,27.0,37.8,16.2,16.3,16.3,16.3,16.3,16.3,16.3,16.3,16.3,16.3,16.3,200.0,3260000.0,0.0,0.0,-10.7,-10.7,-39.6296
ISH,2023-08-02,15:08:01,UPCOM,STOCK,21.2,24.3,18.1,21.2,21.2,21.2,21.2,21.2,21.2,21.2,21.2,21.2,21.2,0.0,0.0,0.0,0.0,0.0,0.0,0.0
LAW,2023-08-02,15:08:01,UPCOM,STOCK,17.9,20.5,15.3,17.9,17.9,17.9,17.9,17.9,17.9,17.9,17.9,17.9,17.9,0.0,0.0,0.0,0.0,0.0,0.0,0.0
LDW,2023-08-02,15:08:01,UPCOM,STOCK,12.3,17.2,7.4,12.3,12.3,12.3,12.3,12.3,12.3,12.3,12.3,12.3,12.3,0.0,0.0,0.0,0.0,0.0,0.0,0.0
LKW,2023-08-02,15:08:01,UPCOM,STOCK,30.6,35.1,26.1,30.6,30.6,30.6,30.6,30.6,30.6,30.6,30.6,30.6,30.6,0.0,0.0,0.0,0.0,0.0,0.0,0.0
VMG,2023-08-02,15:08:01,UPCOM,STOCK,3.1,3.5,2.7,3.1,3.1,3.1,3.1,3.1,3.1,3.1,3.1,3.1,3.1,1300.0,4030000.0,0.0,0.0,0.0,0.0,0.0
VLW,2023-08-02,15:08:01,UPCOM,STOCK,18.2,20.9,15.5,18.2,18.2,18.2,18.2,18.2,18.2,18.2,18.2,18.2,18.2,0.0,0.0,0.0,0.0,0.0,0.0,0.0
VPW,2023-08-02,15:08:01,UPCOM,STOCK,8.5,11.9,5.1,8.5,8.5,8.5,8.5,8.5,8.5,8.5,8.5,8.5,8.5,0.0,0.0,0.0,0.0,0.0,0.0,0.0
XMP,2023-08-02,15:08:01,UPCOM,STOCK,18.9,21.7,16.1,18.9,18.9,18.9,18.9,18.9,18.9,18.9,18.9,18.9,18.9,0.0,0.0,0.0,0.0,0.0,0.0,0.0
VCW,2023-08-02,15:08:01,UPCOM,STOCK,32.4,37.2,27.6,32.4,32.6,32.0,32.2,32.333,32.4,32.6,32.0,32.2,32.333,2700.0,87300000.0,0.0,0.0,-0.2,-0.2,-0.6173
VCP,2023-08-02,15:08:01,UPCOM,STOCK,22.9,26.3,19.5,22.9,22.9,22.9,22.9,22.9,22.9,22.9,22.9,22.9,22.9,300.0,6870000.0,0.0,0.0,0.0,0.0,0.0
UCT,2023-08-02,15:08:01,UPCOM,STOCK,7.4,8.5,6.3,7.4,7.4,7.4,7.4,7.4,7.4,7.4,7.4,7.4,7.4,0.0,0.0,0.0,0.0,0.0,0.0,0.0
TVW,2023-08-02,15:08:01,UPCOM,STOCK,7.4,8.5,6.3,7.4,7.4,7.4,7.4,7.4,7.4,7.4,7.4,7.4,7.4,0.0,0.0,0.0,0.0,0.0,0.0,0.0
VAV,2023-08-02,15:08:01,UPCOM,STOCK,28.8,33.1,24.5,28.8,28.8,28.8,28.8,28.8,28.8,28.8,28.8,28.8,28.8,0.0,0.0,0.0,0.0,0.0,0.0,0.0
MTL,2023-08-02,15:08:01,UPCOM,STOCK,4.6,5.2,4.0,4.6,4.6,4.4,4.5,4.457,4.6,4.6,4.4,4.5,4.457,38200.0,170250000.0,0.0,0.0,-0.1,-0.1,-2.1739
MTG,2023-08-02,15:08:01,UPCOM,STOCK,6.4,7.3,5.5,6.3,6.4,6.3,6.4,6.313,6.3,6.4,6.3,6.4,6.313,2304.0,14545600.0,0.0,0.0,0.0,0.0,0.0
NQB,2023-08-02,15:08:01,UPCOM,STOCK,13.5,18.9,8.1,13.5,13.5,13.5,13.5,13.5,13.5,13.5,13.5,13.5,13.5,0.0,0.0,0.0,0.0,0.0,0.0,0.0
NQN,2023-08-02,15:08:01,UPCOM,STOCK,13.0,14.9,11.1,13.0,13.0,13.0,13.0,13.0,12.713,12.713,12.713,12.713,12.713,0.0,0.0,0.0,0.0,0.0,0.0,0.0
NQT,2023-08-02,15:08:01,UPCOM,STOCK,10.0,11.5,8.5,10.0,10.0,10.0,10.0,10.0,10.0,10.0,10.0,10.0,10.0,0.0,0.0,0.0,0.0,0.0,0.0,0.0
NS2,2023-08-02,15:08:01,UPCOM,STOCK,7.3,8.3,6.3,7.5,7.5,7.5,7.5,7.5,7.5,7.5,7.5,7.5,7.5,100.0,750000.0,0.0,0.0,0.2,0.2,2.7397
NSL,2023-08-02,15:08:01,UPCOM,STOCK,20.0,23.0,17.0,20.0,20.0,20.0,20.0,20.0,20.0,20.0,20.0,20.0,20.0,0.0,0.0,0.0,0.0,0.0,0.0,0.0
NTW,2023-08-02,15:08:01,UPCOM,STOCK,17.2,19.7,14.7,17.2,17.2,17.2,17.2,17.2,17.2,17.2,17.2,17.2,17.2,0.0,0.0,0.0,0.0,0.0,0.0,0.0
NVP,2023-08-02,15:08:01,UPCOM,STOCK,7.0,9.8,4.2,7.0,7.0,7.0,7.0,7.0,7.0,7.0,7.0,7.0,7.0,0.0,0.0,0.0,0.0,0.0,0.0,0.0
NAW,2023-08-02,15:08:01,UPCOM,STOCK,9.1,12.7,5.5,9.1,9.1,9.1,9.1,9.1,9.1,9.1,9.1,9.1,9.1,0.0,0.0,0.0,0.0,0.0,0.0,0.0
NBT,2023-08-02,15:08:01,UPCOM,STOCK,14.3,16.4,12.2,13.5,13.5,13.5,13.5,13.5,13.5,13.5,13.5,13.5,13.5,100.0,1350000.0,0.0,0.0,-0.8,-0.8,-5.5944
NDW,2023-08-02,15:08:01,UPCOM,STOCK,5.2,7.2,3.2,5.2,5.2,5.2,5.2,5.2,4.7,4.7,4.7,4.7,4.7,0.0,0.0,0.0,0.0,0.0,0.0,0.0
NED,2023-08-02,15:08:01,UPCOM,STOCK,6.2,7.1,5.3,6.2,6.3,6.1,6.3,6.198,6.2,6.3,6.1,6.3,6.198,869400.0,5388800000.0,0.0,0.0,0.1,0.1,1.6129
NLS,2023-08-02,15:08:01,UPCOM,STOCK,5.6,7.8,3.4,5.6,5.6,5.6,5.6,5.6,5.6,5.6,5.6,5.6,5.6,0.0,0.0,0.0,0.0,0.0,0.0,0.0
NNT,2023-08-02,15:08:01,UPCOM,STOCK,37.7,43.3,32.1,37.7,37.7,37.7,37.7,37.7,37.7,37.7,37.7,37.7,37.7,0.0,0.0,0.0,0.0,0.0,0.0,0.0
PJS,2023-08-02,15:08:01,UPCOM,STOCK,26.4,30.3,22.5,27.6,28.0,27.6,28.0,27.95,26.91,27.3,26.91,27.3,27.251,800.0,22360000.0,0.0,0.0,1.6,1.56,6.0606
PMW,2023-08-02,15:08:01,UPCOM,STOCK,28.0,32.2,23.8,28.0,28.0,28.0,28.0,28.0,28.0,28.0,28.0,28.0,28.0,0.0,0.0,0.0,0.0,0.0,0.0,0.0
TNW,2023-08-02,15:08:01,UPCOM,STOCK,11.0,12.6,9.4,11.0,11.0,11.0,11.0,11.0,11.0,11.0,11.0,11.0,11.0,0.0,0.0,0.0,0.0,0.0,0.0,0.0
TOW,2023-08-02,15:08:01,UPCOM,STOCK,18.2,20.9,15.5,16.1,16.1,16.1,16.1,16.1,16.1,16.1,16.1,16.1,16.1,100.0,1610000.0,0.0,0.0,-2.1,-2.1,-11.5385
TQW,2023-08-02,15:08:01,UPCOM,STOCK,9.2,12.8,5.6,9.2,9.2,9.2,9.2,9.2,9.2,9.2,9.2,9.2,9.2,0.0,0.0,0.0,0.0,0.0,0.0,0.0
THN,2023-08-02,15:08:01,UPCOM,STOCK,2.8,3.9,1.7,2.8,2.8,2.8,2.8,2.8,2.8,2.8,2.8,2.8,2.8,0.0,0.0,0.0,0.0,0.0,0.0,0.0
THU,2023-08-02,15:08:01,UPCOM,STOCK,6.5,7.4,5.6,6.5,6.5,6.5,6.5,6.5,6.5,6.5,6.5,6.5,6.5,0.0,0.0,0.0,0.0,0.0,0.0,0.0
THW,2023-08-02,15:08:01,UPCOM,STOCK,8.5,9.7,7.3,8.5,8.5,8.5,8.5,8.5,8.5,8.5,8.5,8.5,8.5,1000.0,8500000.0,0.0,0.0,0.0,0.0,0.0
SP2,2023-08-02,15:08:01,UPCOM,STOCK,16.3,18.7,13.9,16.3,16.3,16.3,16.3,16.3,16.3,16.3,16.3,16.3,16.3,0.0,0.0,0.0,0.0,0.0,0.0,0.0
STW,2023-08-02,15:08:01,UPCOM,STOCK,8.9,10.2,7.6,8.9,8.9,8.9,8.9,8.9,8.9,8.9,8.9,8.9,8.9,0.0,0.0,0.0,0.0,0.0,0.0,0.0
TAW,2023-08-02,15:08:01,UPCOM,STOCK,10.0,14.0,6.0,10.0,10.0,10.0,10.0,10.0,10.0,10.0,10.0,10.0,10.0,0.0,0.0,0.0,0.0,0.0,0.0,0.0
SVH,2023-08-02,15:08:01,UPCOM,STOCK,6.0,8.4,3.6,6.0,6.0,6.0,6.0,6.0,6.0,6.0,6.0,6.0,6.0,0.0,0.0,0.0,0.0,0.0,0.0,0.0
TDB,2023-08-02,15:08:01,UPCOM,STOCK,40.0,46.0,34.0,40.0,40.0,40.0,40.0,40.0,40.0,40.0,40.0,40.0,40.0,1300.0,52000000.0,0.0,0.0,0.0,0.0,0.0
SII,2023-08-02,15:08:01,UPCOM,STOCK,20.4,23.4,17.4,20.4,20.4,20.4,20.4,20.4,20.4,20.4,20.4,20.4,20.4,0.0,0.0,0.0,0.0,0.0,0.0,0.0
SD3,2023-08-02,15:08:01,UPCOM,STOCK,5.1,5.8,4.4,5.1,5.1,4.7,4.7,4.784,5.1,5.1,4.7,4.7,4.784,2500.0,11960000.0,0.0,0.0,-0.4,-0.4,-7.8431
QNU,2023-08-02,15:08:01,UPCOM,STOCK,10.0,14.0,6.0,10.0,10.0,10.0,10.0,10.0,10.0,10.0,10.0,10.0,10.0,0.0,0.0,0.0,0.0,0.0,0.0,0.0
QNW,2023-08-02,15:08:01,UPCOM,STOCK,10.1,14.1,6.1,10.1,10.1,10.1,10.1,10.1,10.1,10.1,10.1,10.1,10.1,0.0,0.0,0.0,0.0,0.0,0.0,0.0
QPH,2023-08-02,15:08:01,UPCOM,STOCK,28.0,32.2,23.8,27.0,27.0,27.0,27.0,27.0,27.0,27.0,27.0,27.0,27.0,200.0,5400000.0,0.0,0.0,-1.0,-1.0,-3.5714
PWS,2023-08-02,15:08:01,UPCOM,STOCK,11.6,13.3,9.9,11.6,11.6,11.6,11.6,11.6,11.6,11.6,11.6,11.6,11.6,0.0,0.0,0.0,0.0,0.0,0.0,0.0
QTP,2023-08-02,15:08:01,UPCOM,STOCK,16.6,19.0,14.2,16.6,16.6,16.4,16.5,16.508,16.6,16.6,16.4,16.5,16.508,368866.0,6089280400.0,0.0,0.0,-0.1,-0.1,-0.6024
S72,2023-08-02,15:08:01,UPCOM,STOCK,5.5,6.3,4.7,5.5,5.5,5.5,5.5,5.5,5.5,5.5,5.5,5.5,5.5,0.0,0.0,0.0,0.0,0.0,0.0,0.0
SBH,2023-08-02,15:08:01,UPCOM,STOCK,42.9,49.3,36.5,43.5,44.0,43.5,44.0,43.75,43.5,44.0,43.5,44.0,43.75,200.0,8750000.0,0.0,0.0,1.1,1.1,2.5641
SBM,2023-08-02,15:08:01,UPCOM,STOCK,29.5,33.9,25.1,29.5,29.5,29.5,29.5,29.5,29.5,29.5,29.5,29.5,29.5,0.0,0.0,0.0,0.0,0.0,0.0,0.0
S96,2023-08-02,15:08:01,UPCOM,STOCK,0.7,0.8,0.6,0.7,0.7,0.7,0.7,0.7,0.7,0.7,0.7,0.7,0.7,0.0,0.0,0.0,0.0,0.0,0.0,0.0
S12,2023-08-02,15:08:01,UPCOM,STOCK,2.3,2.6,2.0,2.3,2.3,2.3,2.3,2.3,2.3,2.3,2.3,2.3,2.3,0.0,0.0,0.0,0.0,0.0,0.0,0.0
RCD,2023-08-02,15:08:01,UPCOM,STOCK,2.7,3.1,2.3,2.7,2.7,2.7,2.7,2.7,2.7,2.7,2.7,2.7,2.7,0.0,0.0,0.0,0.0,0.0,0.0,0.0
PXS,2023-08-02,15:08:01,UPCOM,STOCK,6.4,7.3,5.5,6.4,6.5,6.3,6.4,6.351,6.4,6.5,6.3,6.4,6.351,314590.0,1998006000.0,0.0,0.0,0.0,0.0,0.0
PXT,2023-08-02,15:08:01,UPCOM,STOCK,5.4,6.2,4.6,5.4,5.4,5.3,5.4,5.386,5.4,5.4,5.3,5.4,5.386,50101.0,269845300.0,0.0,0.0,0.0,0.0,0.0
QCC,2023-08-02,15:08:01,UPCOM,STOCK,9.7,11.1,8.3,9.7,9.7,9.7,9.7,9.7,9.7,9.7,9.7,9.7,9.7,0.0,0.0,0.0,0.0,0.0,0.0,0.0
SD4,2023-08-02,15:08:01,UPCOM,STOCK,3.6,4.1,3.1,4.1,4.1,3.4,3.4,3.46,4.1,4.1,3.4,3.4,3.46,5770.0,19951000.0,0.0,0.0,-0.2,-0.2,-5.5556
SD7,2023-08-02,15:08:01,UPCOM,STOCK,4.5,5.1,3.9,4.7,4.7,4.2,4.2,4.45,4.7,4.7,4.2,4.2,4.45,400.0,1780000.0,0.0,0.0,-0.3,-0.3,-6.6667
SD8,2023-08-02,15:08:01,UPCOM,STOCK,1.2,1.3,1.1,1.2,1.2,1.2,1.2,1.2,1.2,1.2,1.2,1.2,1.2,0.0,0.0,0.0,0.0,0.0,0.0,0.0
SDB,2023-08-02,15:08:01,UPCOM,STOCK,0.9,1.0,0.8,0.9,0.9,0.9,0.9,0.9,0.9,0.9,0.9,0.9,0.9,0.0,0.0,0.0,0.0,0.0,0.0,0.0
SDD,2023-08-02,15:08:01,UPCOM,STOCK,2.9,3.3,2.5,2.9,2.9,2.8,2.9,2.855,2.9,2.9,2.8,2.9,2.855,18400.0,52530000.0,0.0,0.0,0.0,0.0,0.0
SDJ,2023-08-02,15:08:01,UPCOM,STOCK,3.1,3.5,2.7,3.1,3.1,3.1,3.1,3.1,3.1,3.1,3.1,3.1,3.1,0.0,0.0,0.0,0.0,0.0,0.0,0.0
SD1,2023-08-02,15:08:01,UPCOM,STOCK,0.8,0.9,0.7,0.8,0.8,0.8,0.8,0.8,0.8,0.8,0.8,0.8,0.8,0.0,0.0,0.0,0.0,0.0,0.0,0.0
SD2,2023-08-02,15:08:01,UPCOM,STOCK,6.3,7.2,5.4,5.9,5.9,5.9,5.9,5.9,5.9,5.9,5.9,5.9,5.9,100.0,590000.0,0.0,0.0,-0.4,-0.4,-6.3492
SDX,2023-08-02,15:08:01,UPCOM,STOCK,1.2,1.3,1.1,1.2,1.2,1.2,1.2,1.2,1.2,1.2,1.2,1.2,1.2,0.0,0.0,0.0,0.0,0.0,0.0,0.0
SID,2023-08-02,15:08:01,UPCOM,STOCK,12.6,14.4,10.8,12.2,12.8,12.2,12.5,12.439,12.2,12.8,12.2,12.5,12.439,2800.0,34830000.0,0.0,0.0,-0.1,-0.1,-0.7937
SJC,2023-08-02,15:08:01,UPCOM,STOCK,9.4,10.8,8.0,9.4,9.4,9.4,9.4,9.4,9.4,9.4,9.4,9.4,9.4,0.0,0.0,0.0,0.0,0.0,0.0,0.0
SJG,2023-08-02,15:08:01,UPCOM,STOCK,14.3,16.4,12.2,14.3,14.3,14.3,14.3,14.3,14.3,14.3,14.3,14.3,14.3,0.0,0.0,0.0,0.0,0.0,0.0,0.0
SJM,2023-08-02,15:08:01,UPCOM,STOCK,5.2,5.9,4.5,5.2,5.2,5.2,5.2,5.2,5.2,5.2,5.2,5.2,5.2,0.0,0.0,0.0,0.0,0.0,0.0,0.0
SHG,2023-08-02,15:08:01,UPCOM,STOCK,2.0,2.3,1.7,2.0,2.0,2.0,2.0,2.0,2.0,2.0,2.0,2.0,2.0,0.0,0.0,0.0,0.0,0.0,0.0,0.0
TBH,2023-08-02,15:08:01,UPCOM,STOCK,5.4,6.2,4.6,5.4,5.4,5.4,5.4,5.4,5.4,5.4,5.4,5.4,5.4,0.0,0.0,0.0,0.0,0.0,0.0,0.0
TBR,2023-08-02,15:08:01,UPCOM,STOCK,7.5,8.6,6.4,7.9,7.9,7.9,7.9,7.9,7.9,7.9,7.9,7.9,7.9,100.0,790000.0,0.0,0.0,0.4,0.4,5.3333
TBT,2023-08-02,15:08:01,UPCOM,STOCK,1.8,2.0,1.6,1.8,1.8,1.8,1.8,1.8,1.8,1.8,1.8,1.8,1.8,0.0,0.0,0.0,0.0,0.0,0.0,0.0
SZG,2023-08-02,15:08:01,UPCOM,STOCK,31.0,35.6,26.4,31.5,31.5,31.0,31.0,31.017,31.5,31.5,31.0,31.0,31.017,4200.0,130270000.0,100000.0,3400000000.0,0.0,0.0,0.0
TA3,2023-08-02,15:08:01,UPCOM,STOCK,6.5,7.4,5.6,7.4,7.4,7.4,7.4,7.4,7.4,7.4,7.4,7.4,7.4,100.0,740000.0,0.0,0.0,0.9,0.9,13.8462
TA6,2023-08-02,15:08:01,UPCOM,STOCK,13.9,15.9,11.9,13.9,13.9,13.9,13.9,13.9,13.9,13.9,13.9,13.9,13.9,0.0,0.0,0.0,0.0,0.0,0.0,0.0
STL,2023-08-02,15:08:01,UPCOM,STOCK,1.3,1.4,1.2,1.3,1.3,1.3,1.3,1.3,1.3,1.3,1.3,1.3,1.3,0.0,0.0,0.0,0.0,0.0,0.0,0.0
SSH,2023-08-02,15:08:01,UPCOM,STOCK,67.3,77.3,57.3,68.3,68.4,66.7,67.6,67.635,68.3,68.4,66.7,67.6,67.635,71300.0,4822410000.0,0.0,0.0,0.3,0.3,0.4458
SNZ,2023-08-02,15:08:01,UPCOM,STOCK,26.1,30.0,22.2,26.5,26.8,26.1,26.8,26.434,26.5,26.8,26.1,26.8,26.434,3200.0,84590000.0,0.0,0.0,0.7,0.7,2.682
TL4,2023-08-02,15:08:01,UPCOM,STOCK,6.8,7.8,5.8,6.8,6.8,6.8,6.8,6.8,6.8,6.8,6.8,6.8,6.8,0.0,0.0,0.0,0.0,0.0,0.0,0.0
TDI,2023-08-02,15:08:01,UPCOM,STOCK,7.2,10.0,4.4,7.2,7.2,7.2,7.2,7.2,7.2,7.2,7.2,7.2,7.2,0.0,0.0,0.0,0.0,0.0,0.0,0.0
TED,2023-08-02,15:08:01,UPCOM,STOCK,34.7,39.9,29.5,31.5,37.7,31.5,36.1,35.804,31.5,37.7,31.5,36.1,35.804,7400.0,264950000.0,0.0,0.0,1.4,1.4,4.0346
TEL,2023-08-02,15:08:01,UPCOM,STOCK,4.4,6.1,2.7,6.1,6.1,6.1,6.1,6.1,6.1,6.1,6.1,6.1,6.1,1000.0,6100000.0,0.0,0.0,1.7,1.7,38.6364
TS3,2023-08-02,15:08:01,UPCOM,STOCK,4.6,5.2,4.0,4.5,4.6,4.5,4.6,4.599,4.5,4.6,4.5,4.6,4.599,17500.0,80490000.0,0.0,0.0,0.0,0.0,0.0
TNM,2023-08-02,15:08:01,UPCOM,STOCK,3.3,3.7,2.9,3.3,3.3,3.3,3.3,3.3,3.3,3.3,3.3,3.3,3.3,0.0,0.0,0.0,0.0,0.0,0.0,0.0
PNT,2023-08-02,15:08:01,UPCOM,STOCK,7.2,8.2,6.2,7.2,7.2,7.2,7.2,7.2,7.2,7.2,7.2,7.2,7.2,0.0,0.0,0.0,0.0,0.0,0.0,0.0
PLA,2023-08-02,15:08:01,UPCOM,STOCK,4.4,5.0,3.8,5.0,5.0,5.0,5.0,5.0,5.0,5.0,5.0,5.0,5.0,4207.0,21035000.0,0.0,0.0,0.6,0.6,13.6364
PHH,2023-08-02,15:08:01,UPCOM,STOCK,4.4,5.0,3.8,4.4,4.4,4.4,4.4,4.4,4.4,4.4,4.4,4.4,4.4,0.0,0.0,0.0,0.0,0.0,0.0,0.0
PCC,2023-08-02,15:08:01,UPCOM,STOCK,13.5,15.5,11.5,13.5,13.5,13.5,13.5,13.5,13.5,13.5,13.5,13.5,13.5,0.0,0.0,0.0,0.0,0.0,0.0,0.0
PFL,2023-08-02,15:08:01,UPCOM,STOCK,4.4,5.0,3.8,4.3,4.4,4.2,4.4,4.289,4.3,4.4,4.2,4.4,4.289,465200.0,1995120000.0,0.0,0.0,0.0,0.0,0.0
PPI,2023-08-02,15:08:01,UPCOM,STOCK,0.6,0.7,0.5,0.6,0.6,0.6,0.6,0.6,0.6,0.6,0.6,0.6,0.6,0.0,0.0,0.0,0.0,0.0,0.0,0.0
PQN,2023-08-02,15:08:01,UPCOM,STOCK,4.0,5.6,2.4,4.0,4.0,4.0,4.0,4.0,4.0,4.0,4.0,4.0,4.0,0.0,0.0,0.0,0.0,0.0,0.0,0.0
PSG,2023-08-02,15:08:01,UPCOM,STOCK,1.0,1.1,0.9,1.0,1.0,1.0,1.0,1.0,1.0,1.0,1.0,1.0,1.0,0.0,0.0,0.0,0.0,0.0,0.0,0.0
PTN,2023-08-02,15:08:01,UPCOM,STOCK,4.4,5.0,3.8,4.1,4.1,4.1,4.1,4.1,4.1,4.1,4.1,4.1,4.1,100.0,410000.0,0.0,0.0,-0.3,-0.3,-6.8182
PTO,2023-08-02,15:08:01,UPCOM,STOCK,18.5,21.2,15.8,18.5,18.5,18.5,18.5,18.5,18.5,18.5,18.5,18.5,18.5,0.0,0.0,0.0,0.0,0.0,0.0,0.0
PVA,2023-08-02,15:08:01,UPCOM,STOCK,0.8,0.9,0.7,0.8,0.8,0.8,0.8,0.8,0.8,0.8,0.8,0.8,0.8,0.0,0.0,0.0,0.0,0.0,0.0,0.0
PVH,2023-08-02,15:08:01,UPCOM,STOCK,1.2,1.3,1.1,1.2,1.2,1.2,1.2,1.2,1.2,1.2,1.2,1.2,1.2,0.0,0.0,0.0,0.0,0.0,0.0,0.0
PVL,2023-08-02,15:08:01,UPCOM,STOCK,2.7,3.1,2.3,2.7,2.7,2.7,2.7,2.7,2.7,2.7,2.7,2.7,2.7,0.0,0.0,0.0,0.0,0.0,0.0,0.0
PVV,2023-08-02,15:08:01,UPCOM,STOCK,1.9,2.1,1.7,1.9,1.9,1.9,1.9,1.9,1.9,1.9,1.9,1.9,1.9,0.0,0.0,0.0,0.0,0.0,0.0,0.0
PVX,2023-08-02,15:08:01,UPCOM,STOCK,3.1,3.5,2.7,3.1,3.1,3.1,3.1,3.1,3.1,3.1,3.1,3.1,3.1,0.0,0.0,0.0,0.0,0.0,0.0,0.0
PVY,2023-08-02,15:08:01,UPCOM,STOCK,2.4,2.7,2.1,2.4,2.4,2.4,2.4,2.4,2.4,2.4,2.4,2.4,2.4,0.0,0.0,0.0,0.0,0.0,0.0,0.0
PWA,2023-08-02,15:08:01,UPCOM,STOCK,4.6,5.2,4.0,4.5,4.6,4.5,4.6,4.566,4.5,4.6,4.5,4.6,4.566,8200.0,37440000.0,0.0,0.0,0.0,0.0,0.0
PXA,2023-08-02,15:08:01,UPCOM,STOCK,1.2,1.3,1.1,1.2,1.2,1.2,1.2,1.2,1.2,1.2,1.2,1.2,1.2,0.0,0.0,0.0,0.0,0.0,0.0,0.0
PXC,2023-08-02,15:08:01,UPCOM,STOCK,0.5,0.7,0.3,0.5,0.5,0.5,0.5,0.5,0.5,0.5,0.5,0.5,0.5,0.0,0.0,0.0,0.0,0.0,0.0,0.0
PXI,2023-08-02,15:08:01,UPCOM,STOCK,3.8,4.3,3.3,3.8,3.8,3.7,3.8,3.779,3.8,3.8,3.7,3.8,3.779,146900.0,555180000.0,0.0,0.0,0.0,0.0,0.0
PXL,2023-08-02,15:08:01,UPCOM,STOCK,10.2,11.7,8.7,10.2,10.2,10.0,10.1,10.054,10.2,10.2,10.0,10.1,10.054,338369.0,3401840200.0,0.0,0.0,-0.1,-0.1,-0.9804
ND2,2023-08-02,15:08:01,UPCOM,STOCK,28.7,33.0,24.4,28.7,28.7,28.7,28.7,28.7,28.7,28.7,28.7,28.7,28.7,0.0,0.0,0.0,0.0,0.0,0.0,0.0
NTB,2023-08-02,15:08:01,UPCOM,STOCK,0.6,0.7,0.5,0.6,0.6,0.6,0.6,0.6,0.6,0.6,0.6,0.6,0.6,0.0,0.0,0.0,0.0,0.0,0.0,0.0
NTC,2023-08-02,15:08:01,UPCOM,STOCK,173.6,199.6,147.6,174.0,175.0,173.8,173.9,174.366,174.0,175.0,173.8,173.9,174.366,3502.0,610628000.0,0.0,0.0,0.3,0.3,0.1728
MGR,2023-08-02,15:08:01,UPCOM,STOCK,5.8,6.6,5.0,6.4,6.4,6.3,6.3,6.301,6.4,6.4,6.3,6.3,6.301,11100.0,69940000.0,0.0,0.0,0.5,0.5,8.6207
MH3,2023-08-02,15:08:01,UPCOM,STOCK,40.3,46.3,34.3,41.1,41.3,41.0,41.2,41.16,39.029,39.218,38.934,39.124,39.086,3000.0,123480000.0,0.0,0.0,0.9,0.8547,2.2333
V11,2023-08-02,15:08:01,UPCOM,STOCK,0.6,0.7,0.5,0.6,0.6,0.6,0.6,0.6,0.6,0.6,0.6,0.6,0.6,0.0,0.0,0.0,0.0,0.0,0.0,0.0
V15,2023-08-02,15:08:01,UPCOM,STOCK,0.6,0.7,0.5,0.6,0.6,0.6,0.6,0.6,0.6,0.6,0.6,0.6,0.6,0.0,0.0,0.0,0.0,0.0,0.0,0.0
UDC,2023-08-02,15:08:01,UPCOM,STOCK,5.3,6.0,4.6,5.5,5.5,5.1,5.4,5.263,5.5,5.5,5.1,5.4,5.263,18800.0,98950000.0,0.0,0.0,0.1,0.1,1.8868
UDJ,2023-08-02,15:08:01,UPCOM,STOCK,11.5,13.2,9.8,11.5,11.6,11.4,11.6,11.499,11.5,11.6,11.4,11.6,11.499,24500.0,281730000.0,0.0,0.0,0.1,0.1,0.8696
TST,2023-08-02,15:08:01,UPCOM,STOCK,3.6,4.1,3.1,3.6,3.6,3.6,3.6,3.6,3.6,3.6,3.6,3.6,3.6,0.0,0.0,0.0,0.0,0.0,0.0,0.0
TV6,2023-08-02,15:08:01,UPCOM,STOCK,3.2,3.6,2.8,3.2,3.2,3.2,3.2,3.2,3.2,3.2,3.2,3.2,3.2,0.0,0.0,0.0,0.0,0.0,0.0,0.0
VCR,2023-08-02,15:08:01,UPCOM,STOCK,22.6,25.9,19.3,22.6,23.0,22.6,22.8,22.859,22.6,23.0,22.6,22.8,22.859,2700.0,61720000.0,0.0,0.0,0.2,0.2,0.885
VE9,2023-08-02,15:08:01,UPCOM,STOCK,2.5,2.8,2.2,2.7,2.7,2.6,2.6,2.601,2.7,2.7,2.6,2.6,2.601,11500.0,29910000.0,0.0,0.0,0.1,0.1,4.0
VES,2023-08-02,15:08:01,UPCOM,STOCK,2.5,2.8,2.2,2.5,2.5,2.5,2.5,2.5,2.5,2.5,2.5,2.5,2.5,0.0,0.0,0.0,0.0,0.0,0.0,0.0
VIW,2023-08-02,15:08:01,UPCOM,STOCK,11.5,13.2,9.8,11.5,11.5,11.5,11.5,11.5,11.5,11.5,11.5,11.5,11.5,0.0,0.0,0.0,0.0,0.0,0.0,0.0
VC5,2023-08-02,15:08:01,UPCOM,STOCK,1.1,1.2,1.0,1.1,1.1,1.1,1.1,1.1,1.1,1.1,1.1,1.1,1.1,0.0,0.0,0.0,0.0,0.0,0.0,0.0
VHD,2023-08-02,15:08:01,UPCOM,STOCK,8.8,10.1,7.5,9.0,10.1,9.0,10.1,9.877,9.0,10.1,9.0,10.1,9.877,19800.0,195560000.0,0.0,0.0,1.3,1.3,14.7727
XDC,2023-08-02,15:08:01,UPCOM,STOCK,999.9,1149.8,850.0,999.9,999.9,999.9,999.9,999.9,999.9,999.9,999.9,999.9,999.9,0.0,0.0,0.0,0.0,0.0,0.0,0.0
XDH,2023-08-02,15:08:01,UPCOM,STOCK,23.0,26.4,19.6,25.0,26.4,25.0,26.4,26.12,21.455,22.656,21.455,22.656,22.416,1500.0,39180000.0,0.0,0.0,3.4,2.9178,14.7826
XLV,2023-08-02,15:08:01,UPCOM,STOCK,8.2,9.4,7.0,8.2,8.2,8.2,8.2,8.2,8.2,8.2,8.2,8.2,8.2,0.0,0.0,0.0,0.0,0.0,0.0,0.0
XMC,2023-08-02,15:08:01,UPCOM,STOCK,10.6,12.1,9.1,10.0,10.3,9.5,10.0,9.881,10.0,10.3,9.5,10.0,9.881,146628.0,1448792600.0,0.0,0.0,-0.6,-0.6,-5.6604
VVN,2023-08-02,15:08:01,UPCOM,STOCK,4.1,4.7,3.5,4.1,4.1,4.1,4.1,4.1,4.1,4.1,4.1,4.1,4.1,0.0,0.0,0.0,0.0,0.0,0.0,0.0
VW3,2023-08-02,15:08:01,UPCOM,STOCK,11.2,12.8,9.6,11.2,11.2,11.2,11.2,11.2,11.2,11.2,11.2,11.2,11.2,0.0,0.0,0.0,0.0,0.0,0.0,0.0
VXB,2023-08-02,15:08:01,UPCOM,STOCK,15.3,17.5,13.1,15.3,15.3,15.3,15.3,15.3,15.3,15.3,15.3,15.3,15.3,0.0,0.0,0.0,0.0,0.0,0.0,0.0
VPC,2023-08-02,15:08:01,UPCOM,STOCK,2.3,2.6,2.0,2.3,2.3,2.3,2.3,2.3,2.3,2.3,2.3,2.3,2.3,0.0,0.0,0.0,0.0,0.0,0.0,0.0
VRG,2023-08-02,15:08:01,UPCOM,STOCK,21.2,24.3,18.1,21.1,21.1,21.1,21.1,21.1,21.1,21.1,21.1,21.1,21.1,4000.0,84400000.0,0.0,0.0,-0.1,-0.1,-0.4717
VSE,2023-08-02,15:08:01,UPCOM,STOCK,7.2,8.2,6.2,7.2,7.3,7.1,7.3,7.175,7.2,7.3,7.1,7.3,7.175,41200.0,295630000.0,0.0,0.0,0.1,0.1,1.3889
VNI,2023-08-02,15:08:01,UPCOM,STOCK,8.0,9.2,6.8,8.0,8.0,8.0,8.0,8.0,8.0,8.0,8.0,8.0,8.0,0.0,0.0,0.0,0.0,0.0,0.0,0.0
LLM,2023-08-02,15:08:01,UPCOM,STOCK,10.3,11.8,8.8,11.3,11.5,10.3,11.5,10.859,11.3,11.5,10.3,11.5,10.859,43300.0,470210000.0,0.0,0.0,1.2,1.2,11.6505
LM3,2023-08-02,15:08:01,UPCOM,STOCK,3.9,4.4,3.4,3.9,3.9,3.9,3.9,3.9,3.9,3.9,3.9,3.9,3.9,0.0,0.0,0.0,0.0,0.0,0.0,0.0
LM7,2023-08-02,15:08:01,UPCOM,STOCK,3.1,3.5,2.7,3.1,3.1,3.1,3.1,3.1,3.1,3.1,3.1,3.1,3.1,0.0,0.0,0.0,0.0,0.0,0.0,0.0
LO5,2023-08-02,15:08:01,UPCOM,STOCK,1.2,1.3,1.1,1.2,1.2,1.2,1.2,1.2,1.2,1.2,1.2,1.2,1.2,0.0,0.0,0.0,0.0,0.0,0.0,0.0
LMI,2023-08-02,15:08:01,UPCOM,STOCK,8.5,9.7,7.3,8.5,8.5,8.5,8.5,8.5,8.5,8.5,8.5,8.5,8.5,0.0,0.0,0.0,0.0,0.0,0.0,0.0
LG9,2023-08-02,15:08:01,UPCOM,STOCK,6.0,6.9,5.1,6.0,6.0,6.0,6.0,6.0,6.0,6.0,6.0,6.0,6.0,0.0,0.0,0.0,0.0,0.0,0.0,0.0
LIC,2023-08-02,15:08:01,UPCOM,STOCK,17.8,20.4,15.2,17.5,17.6,17.5,17.6,17.513,17.5,17.6,17.5,17.6,17.513,3800.0,66550000.0,0.0,0.0,-0.2,-0.2,-1.1236
LCS,2023-08-02,15:08:01,UPCOM,STOCK,1.1,1.2,1.0,1.1,1.1,1.1,1.1,1.1,1.1,1.1,1.1,1.1,1.1,0.0,0.0,0.0,0.0,0.0,0.0,0.0
MES,2023-08-02,15:08:01,UPCOM,STOCK,10.0,14.0,6.0,10.0,10.0,10.0,10.0,10.0,10.0,10.0,10.0,10.0,10.0,0.0,0.0,0.0,0.0,0.0,0.0,0.0
MCI,2023-08-02,15:08:01,UPCOM,STOCK,10.0,11.5,8.5,10.0,10.0,10.0,10.0,10.0,10.0,10.0,10.0,10.0,10.0,0.0,0.0,0.0,0.0,0.0,0.0,0.0
MEC,2023-08-02,15:08:01,UPCOM,STOCK,4.7,5.4,4.0,4.7,4.7,4.7,4.7,4.7,4.7,4.7,4.7,4.7,4.7,0.0,0.0,0.0,0.0,0.0,0.0,0.0
LSG,2023-08-02,15:08:01,UPCOM,STOCK,6.7,7.7,5.7,6.8,6.8,6.6,6.7,6.713,6.8,6.8,6.6,6.7,6.713,9514.0,63823600.0,0.0,0.0,0.0,0.0,0.0
LTC,2023-08-02,15:08:01,UPCOM,STOCK,1.3,1.4,1.2,1.3,1.3,1.3,1.3,1.3,1.3,1.3,1.3,1.3,1.3,0.0,0.0,0.0,0.0,0.0,0.0,0.0
LUT,2023-08-02,15:08:01,UPCOM,STOCK,2.0,2.3,1.7,2.0,2.0,2.0,2.0,2.0,2.0,2.0,2.0,2.0,2.0,0.0,0.0,0.0,0.0,0.0,0.0,0.0
MA1,2023-08-02,15:08:01,UPCOM,STOCK,19.3,22.1,16.5,19.3,19.3,19.3,19.3,19.3,19.3,19.3,19.3,19.3,19.3,0.0,0.0,0.0,0.0,0.0,0.0,0.0
ICI,2023-08-02,15:08:01,UPCOM,STOCK,5.5,6.3,4.7,5.5,5.5,5.5,5.5,5.5,5.5,5.5,5.5,5.5,5.5,1800.0,9900000.0,0.0,0.0,0.0,0.0,0.0
ICN,2023-08-02,15:08:01,UPCOM,STOCK,51.9,59.6,44.2,52.9,52.9,52.2,52.4,52.645,52.9,52.9,52.2,52.4,52.645,3344.0,176057600.0,0.0,0.0,0.5,0.5,0.9634
KAC,2023-08-02,15:08:01,UPCOM,STOCK,21.0,24.1,17.9,21.0,21.0,21.0,21.0,21.0,21.0,21.0,21.0,21.0,21.0,0.0,0.0,0.0,0.0,0.0,0.0,0.0
LAI,2023-08-02,15:08:01,UPCOM,STOCK,41.3,47.4,35.2,41.3,41.3,41.3,41.3,41.3,41.3,41.3,41.3,41.3,41.3,0.0,0.0,0.0,0.0,0.0,0.0,0.0
L12,2023-08-02,15:08:01,UPCOM,STOCK,5.9,6.7,5.1,5.9,5.9,5.7,5.9,5.875,5.9,5.9,5.7,5.9,5.875,800.0,4700000.0,0.0,0.0,0.0,0.0,0.0
L35,2023-08-02,15:08:01,UPCOM,STOCK,5.0,5.7,4.3,5.7,5.7,5.0,5.5,5.386,5.7,5.7,5.0,5.5,5.386,700.0,3770000.0,0.0,0.0,0.5,0.5,10.0
L44,2023-08-02,15:08:01,UPCOM,STOCK,0.8,0.9,0.7,0.8,0.8,0.8,0.8,0.8,0.8,0.8,0.8,0.8,0.8,0.0,0.0,0.0,0.0,0.0,0.0,0.0
HMS,2023-08-02,15:08:01,UPCOM,STOCK,35.6,40.9,30.3,35.2,36.5,35.2,36.0,36.091,32.032,33.215,32.032,32.76,32.843,18605.0,671459800.0,0.0,0.0,0.4,0.364,1.1236
HHR,2023-08-02,15:08:01,UPCOM,STOCK,0.5,0.6,0.4,0.5,0.5,0.5,0.5,0.5,0.5,0.5,0.5,0.5,0.5,0.0,0.0,0.0,0.0,0.0,0.0,0.0
HEC,2023-08-02,15:08:01,UPCOM,STOCK,50.0,57.5,42.5,50.0,50.0,50.0,50.0,50.0,50.0,50.0,50.0,50.0,50.0,0.0,0.0,0.0,0.0,0.0,0.0,0.0
HFB,2023-08-02,15:08:01,UPCOM,STOCK,10.0,11.5,8.5,10.0,10.0,10.0,10.0,10.0,10.0,10.0,10.0,10.0,10.0,1.0,11000.0,0.0,0.0,0.0,0.0,0.0
HCI,2023-08-02,15:08:01,UPCOM,STOCK,11.3,15.8,6.8,11.3,11.3,11.3,11.3,11.3,11.3,11.3,11.3,11.3,11.3,0.0,0.0,0.0,0.0,0.0,0.0,0.0
HD2,2023-08-02,15:08:01,UPCOM,STOCK,28.9,33.2,24.6,29.0,29.5,29.0,29.2,29.312,29.0,29.5,29.0,29.2,29.312,4200.0,123110000.0,0.0,0.0,0.3,0.3,1.0381
HD6,2023-08-02,15:08:01,UPCOM,STOCK,26.3,30.2,22.4,26.5,28.0,25.5,26.7,26.991,26.5,28.0,25.5,26.7,26.991,250607.0,6764149600.0,0.0,0.0,0.4,0.4,1.5209
HD8,2023-08-02,15:08:01,UPCOM,STOCK,7.9,9.0,6.8,8.0,8.1,8.0,8.1,8.04,8.0,8.1,8.0,8.1,8.04,5722.0,46006000.0,0.0,0.0,0.2,0.2,2.5316
HC1,2023-08-02,15:08:01,UPCOM,STOCK,10.0,14.0,6.0,10.0,10.0,10.0,10.0,10.0,10.0,10.0,10.0,10.0,10.0,69700.0,697000000.0,0.0,0.0,0.0,0.0,0.0
HC3,2023-08-02,15:08:01,UPCOM,STOCK,30.7,35.3,26.1,30.7,30.7,30.7,30.7,30.7,30.7,30.7,30.7,30.7,30.7,6700.0,205690000.0,0.0,0.0,0.0,0.0,0.0
HRB,2023-08-02,15:08:01,UPCOM,STOCK,64.6,90.4,38.8,64.6,64.6,64.6,64.6,64.6,64.6,64.6,64.6,64.6,64.6,0.0,0.0,0.0,0.0,0.0,0.0,0.0
HPI,2023-08-02,15:08:01,UPCOM,STOCK,26.4,30.3,22.5,26.4,26.4,26.4,26.4,26.4,26.4,26.4,26.4,26.4,26.4,0.0,0.0,0.0,0.0,0.0,0.0,0.0
ICC,2023-08-02,15:08:01,UPCOM,STOCK,28.0,32.2,23.8,28.0,28.0,28.0,28.0,28.0,28.0,28.0,28.0,28.0,28.0,0.0,0.0,0.0,0.0,0.0,0.0,0.0
HTE,2023-08-02,15:08:01,UPCOM,STOCK,4.7,5.4,4.0,4.7,4.7,4.7,4.7,4.7,4.7,4.7,4.7,4.7,4.7,24006.0,112828200.0,0.0,0.0,0.0,0.0,0.0
HTT,2023-08-02,15:08:01,UPCOM,STOCK,1.1,1.2,1.0,1.1,1.1,1.1,1.1,1.1,1.1,1.1,1.1,1.1,1.1,0.0,0.0,0.0,0.0,0.0,0.0,0.0
HU3,2023-08-02,15:08:01,UPCOM,STOCK,4.6,5.2,4.0,4.5,4.5,4.5,4.5,4.5,4.5,4.5,4.5,4.5,4.5,100.0,450000.0,0.0,0.0,-0.1,-0.1,-2.1739
HU4,2023-08-02,15:08:01,UPCOM,STOCK,9.5,10.9,8.1,9.3,9.4,9.3,9.4,9.384,9.3,9.4,9.3,9.4,9.384,9600.0,90090000.0,0.0,0.0,-0.1,-0.1,-1.0526
HU6,2023-08-02,15:08:01,UPCOM,STOCK,6.0,6.9,5.1,6.0,6.0,6.0,6.0,6.0,6.0,6.0,6.0,6.0,6.0,0.0,0.0,0.0,0.0,0.0,0.0,0.0
DTI,2023-08-02,15:08:01,UPCOM,STOCK,5.2,5.9,4.5,5.3,5.3,5.1,5.2,5.105,5.3,5.3,5.1,5.2,5.105,121400.0,619760000.0,0.0,0.0,0.0,0.0,0.0
E12,2023-08-02,15:08:01,UPCOM,STOCK,6.7,7.7,5.7,6.9,7.0,6.9,7.0,6.94,6.9,7.0,6.9,7.0,6.94,500.0,3470000.0,0.0,0.0,0.3,0.3,4.4776
E29,2023-08-02,15:08:01,UPCOM,STOCK,6.0,6.9,5.1,6.9,6.9,5.2,5.3,5.726,6.9,6.9,5.2,5.3,5.726,4700.0,26910000.0,0.0,0.0,-0.7,-0.7,-11.6667
DVW,2023-08-02,15:08:01,UPCOM,STOCK,10.8,15.1,6.5,10.8,10.8,10.8,10.8,10.8,10.8,10.8,10.8,10.8,10.8,0.0,0.0,0.0,0.0,0.0,0.0,0.0
GH3,2023-08-02,15:08:01,UPCOM,STOCK,6.0,6.9,5.1,6.0,6.0,6.0,6.0,6.0,6.0,6.0,6.0,6.0,6.0,0.0,0.0,0.0,0.0,0.0,0.0,0.0
G36,2023-08-02,15:08:01,UPCOM,STOCK,10.1,11.6,8.6,10.1,10.1,9.9,10.1,10.004,10.1,10.1,9.9,10.1,10.004,564968.0,5652173200.0,0.0,0.0,0.0,0.0,0.0
FTI,2023-08-02,15:08:01,UPCOM,STOCK,3.7,5.1,2.3,3.7,3.7,3.7,3.7,3.7,3.7,3.7,3.7,3.7,3.7,0.0,0.0,0.0,0.0,0.0,0.0,0.0
FLC,2023-08-02,15:08:01,UPCOM,STOCK,3.5,4.9,2.1,3.5,3.5,3.5,3.5,3.5,3.5,3.5,3.5,3.5,3.5,0.0,0.0,0.0,0.0,0.0,0.0,0.0
GTS,2023-08-02,15:08:01,UPCOM,STOCK,9.9,11.3,8.5,9.5,9.5,9.5,9.5,9.5,9.5,9.5,9.5,9.5,9.5,1523.0,14503000.0,0.0,0.0,-0.4,-0.4,-4.0404
H11,2023-08-02,15:08:01,UPCOM,STOCK,6.9,7.9,5.9,6.1,6.1,6.1,6.1,6.1,6.1,6.1,6.1,6.1,6.1,100.0,610000.0,0.0,0.0,-0.8,-0.8,-11.5942
HAN,2023-08-02,15:08:01,UPCOM,STOCK,17.6,20.2,15.0,19.0,20.2,18.1,20.0,20.002,19.0,20.2,18.1,20.0,20.002,258500.0,5170570000.0,0.0,0.0,2.4,2.4,13.6364
CT3,2023-08-02,15:08:01,UPCOM,STOCK,7.3,10.2,4.4,7.3,7.3,7.3,7.3,7.3,7.3,7.3,7.3,7.3,7.3,0.0,0.0,0.0,0.0,0.0,0.0,0.0
CT6,2023-08-02,15:08:01,UPCOM,STOCK,4.9,5.6,4.2,4.9,4.9,4.9,4.9,4.9,4.9,4.9,4.9,4.9,4.9,0.0,0.0,0.0,0.0,0.0,0.0,0.0
DC1,2023-08-02,15:08:01,UPCOM,STOCK,7.5,8.6,6.4,8.6,8.6,8.0,8.0,8.15,8.6,8.6,8.0,8.0,8.15,400.0,3260000.0,0.0,0.0,0.5,0.5,6.6667
DCF,2023-08-02,15:08:01,UPCOM,STOCK,90.8,104.4,77.2,90.8,90.8,90.8,90.8,90.8,90.8,90.8,90.8,90.8,90.8,0.0,0.0,0.0,0.0,0.0,0.0,0.0
DLM,2023-08-02,15:08:01,UPCOM,STOCK,11.3,15.8,6.8,11.3,11.3,11.3,11.3,11.3,11.3,11.3,11.3,11.3,11.3,0.0,0.0,0.0,0.0,0.0,0.0,0.0
DLR,2023-08-02,15:08:01,UPCOM,STOCK,8.5,9.7,7.3,8.5,8.5,8.5,8.5,8.5,8.5,8.5,8.5,8.5,8.5,0.0,0.0,0.0,0.0,0.0,0.0,0.0
DKC,2023-08-02,15:08:01,UPCOM,STOCK,1.3,1.8,0.8,1.3,1.3,1.3,1.3,1.3,1.3,1.3,1.3,1.3,1.3,0.0,0.0,0.0,0.0,0.0,0.0,0.0
CTN,2023-08-02,15:08:01,UPCOM,STOCK,0.8,0.9,0.7,0.8,0.8,0.8,0.8,0.8,0.8,0.8,0.8,0.8,0.8,0.0,0.0,0.0,0.0,0.0,0.0,0.0
DFF,2023-08-02,15:08:01,UPCOM,STOCK,9.6,11.0,8.2,9.6,9.6,9.6,9.6,9.6,9.6,9.6,9.6,9.6,9.6,0.0,0.0,0.0,0.0,0.0,0.0,0.0
DGT,2023-08-02,15:08:01,UPCOM,STOCK,8.1,9.3,6.9,8.1,9.2,7.9,9.0,8.736,8.1,9.2,7.9,9.0,8.736,4178197.0,36501968400.0,0.0,0.0,0.9,0.9,11.1111
BII,2023-08-02,15:08:01,UPCOM,STOCK,1.1,1.2,1.0,1.1,1.1,1.1,1.1,1.1,1.1,1.1,1.1,1.1,1.1,0.0,0.0,0.0,0.0,0.0,0.0,0.0
ASA,2023-08-02,15:08:01,UPCOM,STOCK,12.6,14.4,10.8,12.6,12.6,12.6,12.6,12.6,12.6,12.6,12.6,12.6,12.6,0.0,0.0,0.0,0.0,0.0,0.0,0.0
ATB,2023-08-02,15:08:01,UPCOM,STOCK,0.7,0.8,0.6,0.7,0.7,0.7,0.7,0.7,0.7,0.7,0.7,0.7,0.7,0.0,0.0,0.0,0.0,0.0,0.0,0.0
B82,2023-08-02,15:08:01,UPCOM,STOCK,0.6,0.7,0.5,0.6,0.6,0.6,0.6,0.6,0.6,0.6,0.6,0.6,0.6,0.0,0.0,0.0,0.0,0.0,0.0,0.0
ACS,2023-08-02,15:08:01,UPCOM,STOCK,8.3,9.5,7.1,8.3,8.3,8.3,8.3,8.3,8.3,8.3,8.3,8.3,8.3,0.0,0.0,0.0,0.0,0.0,0.0,0.0
BOT,2023-08-02,15:08:01,UPCOM,STOCK,4.9,5.6,4.2,4.9,4.9,4.7,4.9,4.743,4.9,4.9,4.7,4.9,4.743,875352.0,4151489800.0,0.0,0.0,0.0,0.0,0.0
C12,2023-08-02,15:08:01,UPCOM,STOCK,4.0,4.6,3.4,4.0,4.0,4.0,4.0,4.0,4.0,4.0,4.0,4.0,4.0,0.0,0.0,0.0,0.0,0.0,0.0,0.0
C21,2023-08-02,15:08:01,UPCOM,STOCK,13.0,14.9,11.1,13.0,14.0,12.8,14.0,13.308,13.0,14.0,12.8,14.0,13.308,4900.0,65210000.0,0.0,0.0,1.0,1.0,7.6923
BMN,2023-08-02,15:08:01,UPCOM,STOCK,8.7,10.0,7.4,8.7,8.7,8.7,8.7,8.7,8.7,8.7,8.7,8.7,8.7,0.0,0.0,0.0,0.0,0.0,0.0,0.0
BVL,2023-08-02,15:08:01,UPCOM,STOCK,17.2,19.7,14.7,19.0,19.7,18.0,19.7,19.601,19.0,19.7,18.0,19.7,19.601,55100.0,1080030000.0,0.0,0.0,2.5,2.5,14.5349
C4G,2023-08-02,15:08:01,UPCOM,STOCK,14.2,16.3,12.1,14.1,14.3,14.0,14.3,14.152,14.1,14.3,14.0,14.3,14.152,1913898.0,27085017000.0,0.0,0.0,0.1,0.1,0.7042
C92,2023-08-02,15:08:01,UPCOM,STOCK,4.6,5.2,4.0,4.2,4.5,4.2,4.3,4.279,4.2,4.5,4.2,4.3,4.279,2400.0,10270000.0,0.0,0.0,-0.3,-0.3,-6.5217
CC1,2023-08-02,15:08:01,UPCOM,STOCK,19.0,21.8,16.2,21.0,21.8,20.0,21.8,21.584,21.0,21.8,20.0,21.8,21.584,556370.0,12008415400.0,0.0,0.0,2.8,2.8,14.7368
CC4,2023-08-02,15:08:01,UPCOM,STOCK,14.5,16.6,12.4,14.5,14.5,14.5,14.5,14.5,14.5,14.5,14.5,14.5,14.5,500.0,7250000.0,0.0,0.0,0.0,0.0,0.0
CDR,2023-08-02,15:08:01,UPCOM,STOCK,6.3,7.2,5.4,7.0,7.0,6.0,6.0,6.065,7.0,7.0,6.0,6.0,6.065,1700.0,10310000.0,0.0,0.0,-0.3,-0.3,-4.7619
CH5,2023-08-02,15:08:01,UPCOM,STOCK,7.3,8.3,6.3,7.3,7.3,7.3,7.3,7.3,7.3,7.3,7.3,7.3,7.3,0.0,0.0,495.0,3118500.0,0.0,0.0,0.0
CHS,2023-08-02,15:08:01,UPCOM,STOCK,9.8,11.2,8.4,10.0,10.0,10.0,10.0,10.0,10.0,10.0,10.0,10.0,10.0,600.0,6000000.0,0.0,0.0,0.2,0.2,2.0408
CI5,2023-08-02,15:08:01,UPCOM,STOCK,7.5,8.6,6.4,7.5,7.5,7.5,7.5,7.5,7.5,7.5,7.5,7.5,7.5,0.0,0.0,0.0,0.0,0.0,0.0,0.0
CID,2023-08-02,15:08:01,UPCOM,STOCK,9.0,10.3,7.7,9.0,9.0,9.0,9.0,9.0,9.0,9.0,9.0,9.0,9.0,0.0,0.0,0.0,0.0,0.0,0.0,0.0
CIP,2023-08-02,15:08:01,UPCOM,STOCK,3.5,4.0,3.0,3.5,3.5,3.5,3.5,3.5,3.5,3.5,3.5,3.5,3.5,0.0,0.0,0.0,0.0,0.0,0.0,0.0
CLG,2023-08-02,15:08:01,UPCOM,STOCK,0.8,0.9,0.7,0.8,0.8,0.8,0.8,0.8,0.8,0.8,0.8,0.8,0.8,0.0,0.0,0.0,0.0,0.0,0.0,0.0
PPS,2023-08-02,15:08:02,HNX,STOCK,12.3,13.5,11.1,12.3,12.3,12.3,12.3,12.3,12.3,12.3,12.3,12.3,12.3,123.0,1512900.0,0.0,0.0,0.0,0.0,0.0
PEN,2023-08-02,15:08:02,HNX,STOCK,7.2,7.9,6.5,7.2,7.2,7.2,7.2,7.2,7.2,7.2,7.2,7.2,7.2,0.0,0.0,0.0,0.0,0.0,0.0,0.0
MST,2023-08-02,15:08:02,HNX,STOCK,6.3,6.9,5.7,6.6,6.6,6.2,6.4,6.376,6.6,6.6,6.2,6.4,6.376,1068048.0,6809351500.0,0.0,0.0,0.1,0.1,1.5873
PTD,2023-08-02,15:08:02,HNX,STOCK,13.0,14.3,11.7,13.0,13.0,13.0,13.0,13.0,13.0,13.0,13.0,13.0,13.0,2.0,28600.0,0.0,0.0,0.0,0.0,0.0
PV2,2023-08-02,15:08:02,HNX,STOCK,3.4,3.7,3.1,3.4,3.5,3.3,3.5,3.401,3.4,3.5,3.3,3.5,3.401,270310.0,919334000.0,0.0,0.0,0.1,0.1,2.9412
QTC,2023-08-02,15:08:02,HNX,STOCK,13.5,14.8,12.2,13.5,13.5,13.5,13.5,13.5,13.5,13.5,13.5,13.5,13.5,0.0,0.0,0.0,0.0,0.0,0.0,0.0
RCL,2023-08-02,15:08:02,HNX,STOCK,13.9,15.2,12.6,13.9,13.9,13.9,13.9,13.9,13.9,13.9,13.9,13.9,13.9,0.0,0.0,0.0,0.0,0.0,0.0,0.0
S55,2023-08-02,15:08:02,HNX,STOCK,51.9,57.0,46.8,51.0,51.5,51.0,51.5,51.484,51.0,51.5,51.0,51.5,51.484,6200.0,319200000.0,0.0,0.0,-0.4,-0.4,-0.7707
S99,2023-08-02,15:08:02,HNX,STOCK,11.5,12.6,10.4,11.2,12.4,10.9,12.4,11.794,11.2,12.4,10.9,12.4,11.794,1222607.0,14418310800.0,0.0,0.0,0.9,0.9,7.8261
SCG,2023-08-02,15:08:02,HNX,STOCK,65.1,71.6,58.6,64.8,65.4,64.7,65.3,65.171,64.8,65.4,64.7,65.3,65.171,72600.0,4731390000.0,0.0,0.0,0.2,0.2,0.3072
SCI,2023-08-02,15:08:02,HNX,STOCK,16.3,17.9,14.7,16.3,17.5,15.4,17.5,16.484,16.3,17.5,15.4,17.5,16.484,335621.0,5532280700.0,0.0,0.0,1.2,1.2,7.362
SD5,2023-08-02,15:08:02,HNX,STOCK,7.7,8.4,7.0,7.6,7.8,7.6,7.7,7.641,7.6,7.8,7.6,7.7,7.641,96800.0,739610000.0,0.0,0.0,0.0,0.0,0.0
SD6,2023-08-02,15:08:02,HNX,STOCK,4.8,5.2,4.4,4.7,4.8,4.4,4.5,4.546,4.7,4.8,4.4,4.5,4.546,574913.0,2613332400.0,0.0,0.0,-0.3,-0.3,-6.25
SD9,2023-08-02,15:08:02,HNX,STOCK,8.6,9.4,7.8,8.8,8.8,8.5,8.7,8.597,8.8,8.8,8.5,8.7,8.597,55264.0,475107000.0,0.0,0.0,0.1,0.1,1.1628
SDT,2023-08-02,15:08:02,HNX,STOCK,4.0,4.4,3.6,4.0,4.0,4.0,4.0,4.0,4.0,4.0,4.0,4.0,4.0,1300.0,5200000.0,0.0,0.0,0.0,0.0,0.0
SDU,2023-08-02,15:08:02,HNX,STOCK,38.5,42.3,34.7,38.5,38.5,38.5,38.5,38.5,38.5,38.5,38.5,38.5,38.5,0.0,0.0,0.0,0.0,0.0,0.0,0.0
TIG,2023-08-02,15:08:02,HNX,STOCK,12.1,13.3,10.9,12.0,12.2,11.9,12.0,12.063,12.0,12.2,11.9,12.0,12.063,1263411.0,15240230600.0,0.0,0.0,-0.1,-0.1,-0.8264
TKC,2023-08-02,15:08:02,HNX,STOCK,1.4,1.5,1.3,1.4,1.4,1.4,1.4,1.4,1.4,1.4,1.4,1.4,1.4,0.0,0.0,0.0,0.0,0.0,0.0,0.0
THD,2023-08-02,15:08:02,HNX,STOCK,40.3,44.3,36.3,40.4,40.4,40.2,40.2,40.258,40.4,40.4,40.2,40.2,40.258,5234.0,210679600.0,0.0,0.0,-0.1,-0.1,-0.2481
SZB,2023-08-02,15:08:02,HNX,STOCK,33.0,36.3,29.7,32.2,33.2,32.2,32.4,32.871,32.2,33.2,32.2,32.4,32.871,2800.0,92040000.0,0.0,0.0,-0.6,-0.6,-1.8182
TA9,2023-08-02,15:08:02,HNX,STOCK,13.2,14.5,11.9,13.2,13.2,13.2,13.2,13.2,13.2,13.2,13.2,13.2,13.2,0.0,0.0,0.0,0.0,0.0,0.0,0.0
SJE,2023-08-02,15:08:02,HNX,STOCK,22.5,24.7,20.3,22.6,22.6,22.6,22.6,22.6,22.6,22.6,22.6,22.6,22.6,2720.0,61470000.0,0.0,0.0,0.1,0.1,0.4444
TTL,2023-08-02,15:08:02,HNX,STOCK,8.1,8.9,7.3,8.3,8.6,8.1,8.6,8.248,8.3,8.6,8.1,8.6,8.248,9900.0,81660000.0,0.0,0.0,0.5,0.5,6.1728
VC1,2023-08-02,15:08:02,HNX,STOCK,9.5,10.4,8.6,9.4,9.4,9.4,9.4,9.4,9.4,9.4,9.4,9.4,9.4,100.0,940000.0,0.0,0.0,-0.1,-0.1,-1.0526
VC2,2023-08-02,15:08:02,HNX,STOCK,16.1,17.7,14.5,16.1,16.4,15.8,16.4,16.04,16.1,16.4,15.8,16.4,16.04,810323.0,12997357900.0,0.0,0.0,0.3,0.3,1.8634
VC3,2023-08-02,15:08:02,HNX,STOCK,26.0,28.6,23.4,26.0,26.4,25.6,26.1,25.993,26.0,26.4,25.6,26.1,25.993,554700.0,14418290000.0,0.0,0.0,0.1,0.1,0.3846
VC6,2023-08-02,15:08:02,HNX,STOCK,10.0,11.0,9.0,9.7,11.0,9.6,9.6,9.663,9.7,11.0,9.6,9.6,9.663,8600.0,83100000.0,0.0,0.0,-0.4,-0.4,-4.0
VC7,2023-08-02,15:08:02,HNX,STOCK,19.5,21.4,17.6,19.5,20.9,19.3,20.9,20.239,19.5,20.9,19.3,20.9,20.239,380849.0,7707905100.0,0.0,0.0,1.4,1.4,7.1795
VC9,2023-08-02,15:08:02,HNX,STOCK,7.2,7.9,6.5,7.2,7.5,7.0,7.0,7.14,7.2,7.5,7.0,7.0,7.14,36308.0,259257600.0,0.0,0.0,-0.2,-0.2,-2.7778
VCC,2023-08-02,15:08:02,HNX,STOCK,14.3,15.7,12.9,14.5,14.8,13.5,14.8,14.157,14.5,14.8,13.5,14.8,14.157,21600.0,305800000.0,0.0,0.0,0.5,0.5,3.4965
VMC,2023-08-02,15:08:02,HNX,STOCK,11.6,12.7,10.5,11.6,11.6,10.8,11.3,11.316,11.6,11.6,10.8,11.3,11.316,33500.0,379090000.0,0.0,0.0,-0.3,-0.3,-2.5862
V12,2023-08-02,15:08:02,HNX,STOCK,11.5,12.6,10.4,12.0,12.0,11.5,11.5,11.583,12.0,12.0,11.5,11.5,11.583,600.0,6950000.0,0.0,0.0,0.0,0.0,0.0
V21,2023-08-02,15:08:02,HNX,STOCK,5.8,6.3,5.3,5.6,5.7,5.5,5.7,5.557,5.6,5.7,5.5,5.7,5.557,6900.0,38340000.0,0.0,0.0,-0.1,-0.1,-1.7241
VE1,2023-08-02,15:08:02,HNX,STOCK,3.8,4.1,3.5,4.0,4.0,4.0,4.0,4.0,4.0,4.0,4.0,4.0,4.0,200.0,800000.0,0.0,0.0,0.2,0.2,5.2632
VE2,2023-08-02,15:08:02,HNX,STOCK,6.5,7.1,5.9,6.5,6.5,6.5,6.5,6.5,6.5,6.5,6.5,6.5,6.5,0.0,0.0,0.0,0.0,0.0,0.0,0.0
VE3,2023-08-02,15:08:02,HNX,STOCK,10.0,11.0,9.0,10.0,10.0,10.0,10.0,10.0,10.0,10.0,10.0,10.0,10.0,0.0,0.0,0.0,0.0,0.0,0.0,0.0
VE4,2023-08-02,15:08:02,HNX,STOCK,180.9,198.9,162.9,180.9,180.9,180.9,180.9,180.9,180.9,180.9,180.9,180.9,180.9,0.0,0.0,0.0,0.0,0.0,0.0,0.0
VE8,2023-08-02,15:08:02,HNX,STOCK,4.4,4.8,4.0,4.4,4.4,4.4,4.4,4.4,4.4,4.4,4.4,4.4,4.4,9000.0,39600000.0,0.0,0.0,0.0,0.0,0.0
CTX,2023-08-02,15:08:02,HNX,STOCK,7.6,8.3,6.9,7.6,7.6,7.6,7.6,7.6,7.6,7.6,7.6,7.6,7.6,0.0,0.0,0.0,0.0,0.0,0.0,0.0
CSC,2023-08-02,15:08:02,HNX,STOCK,38.6,42.4,34.8,38.6,39.6,38.5,39.0,39.032,38.6,39.6,38.5,39.0,39.032,125509.0,4898647900.0,0.0,0.0,0.4,0.4,1.0363
CX8,2023-08-02,15:08:02,HNX,STOCK,5.9,6.4,5.4,5.9,5.9,5.9,5.9,5.9,5.9,5.9,5.9,5.9,5.9,100.0,590000.0,0.0,0.0,0.0,0.0,0.0
D11,2023-08-02,15:08:02,HNX,STOCK,15.0,16.5,13.5,15.0,15.7,15.0,15.0,15.409,15.0,15.7,15.0,15.0,15.409,17302.0,266600400.0,0.0,0.0,0.0,0.0,0.0
C69,2023-08-02,15:08:02,HNX,STOCK,11.3,12.4,10.2,11.0,11.6,10.9,11.4,11.22,11.0,11.6,10.9,11.4,11.22,373102.0,4186164200.000001,0.0,0.0,0.1,0.1,0.885
CEO,2023-08-02,15:08:02,HNX,STOCK,18.8,20.6,17.0,18.8,19.2,18.7,19.1,19.006,18.8,19.2,18.7,19.1,19.006,6822176.0,129659645600.0,0.0,0.0,0.3,0.3,1.5957
CMS,2023-08-02,15:08:02,HNX,STOCK,8.6,9.4,7.8,8.5,9.4,8.5,9.4,9.256,8.5,9.4,8.5,9.4,9.256,43225.0,400070800.0,0.0,0.0,0.8,0.8,9.3023
DTD,2023-08-02,15:08:02,HNX,STOCK,32.0,35.2,28.8,32.0,32.5,32.0,32.5,32.26,32.0,32.5,32.0,32.5,32.26,534058.0,17228781200.0,0.0,0.0,0.5,0.5,1.5625
DIH,2023-08-02,15:08:02,HNX,STOCK,31.8,34.9,28.7,31.8,31.8,30.7,31.0,31.165,31.8,31.8,30.7,31.0,31.165,9300.0,289830000.0,0.0,0.0,-0.8,-0.8,-2.5157
DC2,2023-08-02,15:08:02,HNX,STOCK,4.9,5.3,4.5,4.9,4.9,4.8,4.9,4.803,4.9,4.9,4.8,4.9,4.803,26000.0,124870000.0,0.0,0.0,0.0,0.0,0.0
HLD,2023-08-02,15:08:02,HNX,STOCK,32.1,35.3,28.9,32.1,32.5,32.1,32.2,32.269,32.1,32.5,32.1,32.2,32.269,30001.0,968102100.0,0.0,0.0,0.1,0.1,0.3115
IDJ,2023-08-02,15:08:02,HNX,STOCK,6.7,7.3,6.1,6.8,6.9,6.3,6.5,6.563,6.8,6.9,6.3,6.5,6.563,6614642.0,43414636500.0,0.0,0.0,-0.2,-0.2,-2.9851
IDV,2023-08-02,15:08:02,HNX,STOCK,37.5,41.2,33.8,37.1,37.2,37.0,37.2,37.064,37.1,37.2,37.0,37.2,37.064,16055.0,595065000.0,0.0,0.0,-0.3,-0.3,-0.8
HUT,2023-08-02,15:08:02,HNX,STOCK,23.2,25.5,20.9,23.2,25.2,23.0,24.3,23.936,23.2,25.2,23.0,24.3,23.936,5755275.0,137758016200.0,100000.0,2350000000.0,1.1,1.1,4.7414
ICG,2023-08-02,15:08:02,HNX,STOCK,8.0,8.8,7.2,7.8,7.9,7.6,7.9,7.695,7.8,7.9,7.6,7.9,7.695,21033.0,161856900.0,0.0,0.0,-0.1,-0.1,-1.25
KSF,2023-08-02,15:08:02,HNX,STOCK,40.2,44.2,36.2,40.3,40.5,40.1,40.4,40.422,40.3,40.5,40.1,40.4,40.422,15630.0,631676000.0,0.0,0.0,0.2,0.2,0.4975
KTT,2023-08-02,15:08:02,HNX,STOCK,3.4,3.7,3.1,3.4,3.4,3.1,3.3,3.246,3.4,3.4,3.1,3.3,3.246,11000.0,35710000.0,0.0,0.0,-0.1,-0.1,-2.9412
L14,2023-08-02,15:08:02,HNX,STOCK,45.7,50.2,41.2,45.0,47.1,44.9,45.8,45.634,45.0,47.1,44.9,45.8,45.634,564412.0,25756064800.0,0.0,0.0,0.1,0.1,0.2188
L18,2023-08-02,15:08:02,HNX,STOCK,39.5,43.4,35.6,39.3,39.7,38.8,39.7,39.312,39.3,39.7,38.8,39.7,39.312,41701.0,1639359500.0,0.0,0.0,0.2,0.2,0.5063
L40,2023-08-02,15:08:02,HNX,STOCK,21.5,23.6,19.4,21.5,21.5,21.5,21.5,21.5,21.5,21.5,21.5,21.5,21.5,0.0,0.0,0.0,0.0,0.0,0.0,0.0
L43,2023-08-02,15:08:02,HNX,STOCK,3.7,4.0,3.4,3.7,3.7,3.7,3.7,3.7,3.7,3.7,3.7,3.7,3.7,76.0,258400.0,0.0,0.0,0.0,0.0,0.0
L61,2023-08-02,15:08:02,HNX,STOCK,4.7,5.1,4.3,4.7,4.9,4.7,4.9,4.8,4.7,4.9,4.7,4.9,4.8,300.0,1440000.0,0.0,0.0,0.2,0.2,4.2553
L62,2023-08-02,15:08:02,HNX,STOCK,3.5,3.8,3.2,3.6,3.7,3.6,3.7,3.648,3.6,3.7,3.6,3.7,3.648,2150.0,7840000.0,0.0,0.0,0.2,0.2,5.7143
NDN,2023-08-02,15:08:02,HNX,STOCK,11.9,13.0,10.8,11.9,12.2,11.8,12.0,11.999,11.9,12.2,11.8,12.0,11.999,413848.0,4965810600.0,0.0,0.0,0.1,0.1,0.8403
NDX,2023-08-02,15:08:02,HNX,STOCK,7.3,8.0,6.6,7.3,7.4,7.3,7.4,7.302,7.3,7.4,7.3,7.4,7.302,12100.0,88360000.0,0.0,0.0,0.1,0.1,1.3699
NRC,2023-08-02,15:08:02,HNX,STOCK,6.8,7.4,6.2,6.8,7.0,6.7,6.9,6.847,6.8,7.0,6.7,6.9,6.847,1612318.0,11039489600.0,0.0,0.0,0.1,0.1,1.4706
MCO,2023-08-02,15:08:02,HNX,STOCK,4.0,4.4,3.6,4.0,4.0,4.0,4.0,4.0,4.0,4.0,4.0,4.0,4.0,0.0,0.0,0.0,0.0,0.0,0.0,0.0
LCD,2023-08-02,15:08:02,HNX,STOCK,26.7,29.3,24.1,26.7,26.7,26.7,26.7,26.7,26.7,26.7,26.7,26.7,26.7,0.0,0.0,0.0,0.0,0.0,0.0,0.0
LHC,2023-08-02,15:08:02,HNX,STOCK,57.0,62.7,51.3,57.0,57.1,57.0,57.1,57.078,57.0,57.1,57.0,57.1,57.078,5000.0,285390000.0,0.0,0.0,0.1,0.1,0.1754
LIG,2023-08-02,15:08:02,HNX,STOCK,5.6,6.1,5.1,5.6,5.7,5.5,5.6,5.602,5.6,5.7,5.5,5.6,5.602,1393296.0,7804783600.0,0.0,0.0,0.0,0.0,0.0
TCD,2023-08-02,15:08:01,HOSE,STOCK,9.1,9.73,8.47,9.15,9.57,9.13,9.5,9.35,9.15,9.57,9.13,9.5,9.35,4907500.0,45907557000.0,0.0,0.0,0.4,0.4,4.3956
TCH,2023-08-02,15:08:01,HOSE,STOCK,10.5,11.2,9.77,10.5,10.7,10.4,10.6,10.57,10.5,10.7,10.4,10.6,10.57,9791100.0,103466505000.0,0.0,0.0,0.1,0.1,0.9524
SZC,2023-08-02,15:08:01,HOSE,STOCK,36.6,39.15,34.05,36.6,37.5,36.6,37.2,37.19,36.6,37.5,36.6,37.2,37.19,983300.0,36570150000.0,0.0,0.0,0.6,0.6,1.6393
SZL,2023-08-02,15:08:01,HOSE,STOCK,55.7,59.5,51.9,55.6,55.6,55.6,55.6,55.6,55.6,55.6,55.6,55.6,55.6,1000.0,55600000.0,0.0,0.0,-0.1,-0.1,-0.1795
SJS,2023-08-02,15:08:01,HOSE,STOCK,61.7,66.0,57.4,59.1,61.0,58.8,60.5,59.57,59.1,61.0,58.8,60.5,59.57,78700.0,4687850000.0,623800.0,35806120000.0,-1.2,-1.2,-1.9449
SRF,2023-08-02,15:08:01,HOSE,STOCK,9.2,9.84,8.56,9.2,9.2,9.2,9.2,9.2,9.2,9.2,9.2,9.2,9.2,500.0,4600000.0,0.0,0.0,0.0,0.0,0.0
TGG,2023-08-02,15:08:01,HOSE,STOCK,3.46,3.7,3.22,3.46,3.6,3.46,3.58,3.54,3.46,3.6,3.46,3.58,3.54,222800.0,787866000.0,0.0,0.0,0.12,0.12,3.4682
TIP,2023-08-02,15:08:01,HOSE,STOCK,22.7,24.25,21.15,22.7,22.8,22.55,22.6,22.67,22.7,22.8,22.55,22.6,22.67,87200.0,1976835000.0,0.0,0.0,-0.1,-0.1,-0.4405
TIX,2023-08-02,15:08:01,HOSE,STOCK,33.0,35.3,30.7,33.0,33.0,33.0,33.0,0.0,33.0,33.0,33.0,33.0,0.0,0.0,0.0,0.0,0.0,0.0,0.0,0.0
TDC,2023-08-02,15:08:01,HOSE,STOCK,14.65,15.65,13.65,14.5,15.05,14.5,15.05,14.85,14.5,15.05,14.5,15.05,14.85,1285400.0,19087115000.0,0.0,0.0,0.4,0.4,2.7304
TDH,2023-08-02,15:08:01,HOSE,STOCK,5.08,5.43,4.73,5.08,5.19,5.05,5.14,5.11,5.08,5.19,5.05,5.14,5.11,1055200.0,5393177000.0,0.0,0.0,0.06,0.06,1.1811
TN1,2023-08-02,15:08:01,HOSE,STOCK,15.35,16.4,14.3,15.35,15.35,15.2,15.2,15.22,15.35,15.35,15.2,15.2,15.22,3200.0,48695000.0,0.0,0.0,-0.15,-0.15,-0.9772
VCG,2023-08-02,15:08:01,HOSE,STOCK,27.55,29.45,25.65,27.7,28.1,26.7,27.3,27.38,27.7,28.1,26.7,27.3,27.38,15658500.0,428654070000.0,300000.0,8370000000.0,-0.25,-0.25,-0.9074
VIC,2023-08-02,15:08:01,HOSE,STOCK,58.9,63.0,54.8,59.0,59.9,58.1,58.3,58.96,59.0,59.9,58.1,58.3,58.96,12347800.0,727985740000.0,0.0,0.0,-0.6,-0.6,-1.0187
VHM,2023-08-02,15:08:01,HOSE,STOCK,62.8,67.1,58.5,62.6,62.9,61.9,61.9,62.31,62.6,62.9,61.9,61.9,62.31,3438900.0,214276970000.0,0.0,0.0,-0.9,-0.9,-1.4331
VNE,2023-08-02,15:08:01,HOSE,STOCK,11.7,12.5,10.9,11.7,11.8,11.65,11.8,11.74,11.7,11.8,11.65,11.8,11.74,133800.0,1570675000.0,0.0,0.0,0.1,0.1,0.8547
VSI,2023-08-02,15:08:01,HOSE,STOCK,15.6,16.65,14.55,15.6,15.6,15.6,15.6,15.6,15.6,15.6,15.6,15.6,15.6,700.0,10920000.0,0.0,0.0,0.0,0.0,0.0
VPH,2023-08-02,15:08:01,HOSE,STOCK,8.61,9.21,8.01,8.61,9.1,8.55,9.08,8.78,8.61,9.1,8.55,9.08,8.78,664100.0,5832376000.0,0.0,0.0,0.47,0.47,5.4588
VPI,2023-08-02,15:08:01,HOSE,STOCK,54.8,58.6,51.0,54.8,54.8,54.3,54.3,54.5,54.8,54.8,54.3,54.3,54.5,526100.0,28675050000.0,0.0,0.0,-0.5,-0.5,-0.9124
AME,2023-08-02,15:08:02,HNX,STOCK,8.7,9.5,7.9,8.7,8.7,8.6,8.7,8.683,8.7,8.7,8.6,8.7,8.683,2400.0,20840000.0,0.0,0.0,0.0,0.0,0.0
VRC,2023-08-02,15:08:01,HOSE,STOCK,10.25,10.95,9.54,9.86,10.3,9.86,10.2,10.07,9.86,10.3,9.86,10.2,10.07,54400.0,547744000.0,0.0,0.0,-0.05,-0.05,-0.4878
VRE,2023-08-02,15:08:01,HOSE,STOCK,29.1,31.1,27.1,29.05,29.2,28.8,28.9,28.96,29.05,29.2,28.8,28.9,28.96,4972700.0,143998485000.0,0.0,0.0,-0.2,-0.2,-0.6873
API,2023-08-02,15:08:02,HNX,STOCK,7.1,7.8,6.4,7.1,7.2,6.4,6.6,6.654,7.1,7.2,6.4,6.6,6.654,2879500.0,19159567300.0,0.0,0.0,-0.5,-0.5,-7.0423
BAX,2023-08-02,15:08:02,HNX,STOCK,60.0,66.0,54.0,64.9,64.9,64.9,64.9,64.9,64.9,64.9,64.9,64.9,64.9,110.0,7090000.0,0.0,0.0,4.9,4.9,8.1667
PHC,2023-08-02,15:08:01,HOSE,STOCK,10.05,10.75,9.35,10.75,10.75,10.7,10.75,10.75,10.75,10.75,10.7,10.75,10.75,1992000.0,21413005000.0,0.0,0.0,0.7,0.7,6.9652
PDR,2023-08-02,15:08:01,HOSE,STOCK,20.85,22.3,19.4,20.8,21.5,20.6,21.4,21.17,20.8,21.5,20.6,21.4,21.17,8640400.0,182877435000.0,0.0,0.0,0.55,0.55,2.6379
PC1,2023-08-02,15:08:01,HOSE,STOCK,27.9,29.85,25.95,28.0,28.0,27.65,27.85,27.82,28.0,28.0,27.65,27.85,27.82,1729300.0,48113010000.0,0.0,0.0,-0.05,-0.05,-0.1792
NTL,2023-08-02,15:08:01,HOSE,STOCK,25.75,27.55,23.95,25.6,25.95,25.6,25.7,25.73,25.6,25.95,25.6,25.7,25.73,781000.0,20093730000.0,0.0,0.0,-0.05,-0.05,-0.1942
NVL,2023-08-02,15:08:01,HOSE,STOCK,17.8,19.0,16.6,17.75,18.5,17.7,18.35,18.15,17.75,18.5,17.7,18.35,18.15,43279600.0,785354260000.0,0.0,0.0,0.55,0.55,3.0899
NLG,2023-08-02,15:08:01,HOSE,STOCK,38.1,40.75,35.45,38.2,38.6,37.65,38.55,38.16,38.2,38.6,37.65,38.55,38.16,2472400.0,94335490000.0,1076600.0,41452570000.0,0.45,0.45,1.1811
NBB,2023-08-02,15:08:01,HOSE,STOCK,18.8,20.1,17.5,18.4,19.45,18.4,19.4,18.81,18.4,19.45,18.4,19.4,18.81,520800.0,9797740000.0,880000.0,17600000000.0,0.6,0.6,3.1915
NHA,2023-08-02,15:08:01,HOSE,STOCK,22.5,24.05,20.95,22.45,23.4,22.3,23.4,22.96,22.45,23.4,22.3,23.4,22.96,503000.0,11549330000.0,0.0,0.0,0.9,0.9,4.0
SC5,2023-08-02,15:08:01,HOSE,STOCK,18.5,19.75,17.25,19.0,19.0,19.0,19.0,19.0,19.0,19.0,19.0,19.0,19.0,600.0,11400000.0,0.0,0.0,0.5,0.5,2.7027
SCR,2023-08-02,15:08:01,HOSE,STOCK,8.58,9.18,7.98,8.58,8.82,8.5,8.8,8.64,8.58,8.82,8.5,8.8,8.64,5694500.0,49214195000.0,700000.0,6006000000.0,0.22,0.22,2.5641
REE,2023-08-02,15:08:01,HOSE,STOCK,65.5,70.0,61.0,65.5,66.1,64.9,64.9,65.21,65.5,66.1,64.9,64.9,65.21,1262400.0,82320010000.0,0.0,0.0,-0.6,-0.6,-0.916
SGR,2023-08-02,15:08:01,HOSE,STOCK,25.1,26.85,23.35,25.0,25.65,24.85,25.5,25.28,25.0,25.65,24.85,25.5,25.28,37200.0,940360000.0,0.0,0.0,0.4,0.4,1.5936
PTC,2023-08-02,15:08:01,HOSE,STOCK,7.42,7.93,6.91,7.36,7.68,7.32,7.64,7.53,7.36,7.68,7.32,7.64,7.53,91800.0,691334000.0,0.0,0.0,0.22,0.22,2.965
PTL,2023-08-02,15:08:01,HOSE,STOCK,4.48,4.79,4.17,4.5,4.51,4.4,4.44,4.46,4.5,4.51,4.4,4.44,4.46,354600.0,1580227000.0,0.0,0.0,-0.04,-0.04,-0.8929
QCG,2023-08-02,15:08:01,HOSE,STOCK,10.0,10.7,9.3,9.8,10.7,9.8,10.7,10.51,9.8,10.7,9.8,10.7,10.51,1605100.0,16875818000.0,0.0,0.0,0.7,0.7,7.0
HHV,2023-08-02,15:08:01,HOSE,STOCK,16.05,17.15,14.95,16.05,16.15,15.9,16.1,16.02,16.05,16.15,15.9,16.1,16.02,5698400.0,91283340000.0,0.0,0.0,0.05,0.05,0.3115
HPX,2023-08-02,15:08:01,HOSE,STOCK,4.69,5.01,4.37,4.69,4.95,4.52,4.78,4.79,4.69,4.95,4.52,4.78,4.79,7106600.0,34061996000.0,0.0,0.0,0.09,0.09,1.919
HQC,2023-08-02,15:08:01,HOSE,STOCK,4.5,4.81,4.19,4.46,4.6,4.45,4.57,4.52,4.46,4.6,4.45,4.57,4.52,9390300.0,42489317000.0,0.0,0.0,0.07,0.07,1.5556
HBC,2023-08-02,15:08:01,HOSE,STOCK,10.1,10.8,9.4,10.1,10.2,9.7,10.2,9.98,10.1,10.2,9.7,10.2,9.98,4579900.0,45686935000.0,0.0,0.0,0.1,0.1,0.9901
HDC,2023-08-02,15:08:01,HOSE,STOCK,37.0,39.55,34.45,37.3,37.8,37.05,37.2,37.28,37.3,37.8,37.05,37.2,37.28,4836600.0,180303780000.0,0.0,0.0,0.2,0.2,0.5405
HDG,2023-08-02,15:08:01,HOSE,STOCK,32.6,34.85,30.35,32.6,32.8,32.4,32.45,32.56,32.6,32.8,32.4,32.45,32.56,1023000.0,33308460000.0,0.0,0.0,-0.15,-0.15,-0.4601
HTI,2023-08-02,15:08:01,HOSE,STOCK,16.9,18.05,15.75,16.9,16.9,16.9,16.9,16.9,16.9,16.9,16.9,16.9,16.9,1000.0,16900000.0,0.0,0.0,0.0,0.0,0.0
HTN,2023-08-02,15:08:01,HOSE,STOCK,17.4,18.6,16.2,17.4,17.95,17.15,17.75,17.61,17.4,17.95,17.15,17.75,17.61,1003500.0,17672840000.0,0.0,0.0,0.35,0.35,2.0115
HU1,2023-08-02,15:08:01,HOSE,STOCK,8.09,8.65,7.53,8.09,8.09,8.09,8.09,0.0,8.09,8.09,8.09,8.09,0.0,0.0,0.0,0.0,0.0,0.0,0.0,0.0
HUB,2023-08-02,15:08:01,HOSE,STOCK,20.7,22.1,19.3,20.9,21.0,20.55,20.6,20.76,18.175,18.262,17.87,17.914,18.053,53200.0,1104335000.0,0.0,0.0,-0.1,-0.087,-0.4831
HVH,2023-08-02,15:08:01,HOSE,STOCK,6.52,6.97,6.07,6.53,6.53,6.4,6.5,6.47,6.53,6.53,6.4,6.5,6.47,201700.0,1304880000.0,0.0,0.0,-0.02,-0.02,-0.3067
KDH,2023-08-02,15:08:01,HOSE,STOCK,35.9,38.4,33.4,35.9,36.35,35.35,35.8,35.77,35.9,36.35,35.35,35.8,35.77,1788400.0,63973900000.0,150000.0,5371800000.0,-0.1,-0.1,-0.2786
KHG,2023-08-02,15:08:01,HOSE,STOCK,7.1,7.59,6.61,7.09,7.35,7.04,7.35,7.21,7.09,7.35,7.04,7.35,7.21,9421200.0,67942961000.0,0.0,0.0,0.25,0.25,3.5211
L10,2023-08-02,15:08:01,HOSE,STOCK,20.2,21.6,18.8,19.1,21.6,19.1,21.6,21.4,19.1,21.6,19.1,21.6,21.4,2800.0,59920000.0,0.0,0.0,1.4,1.4,6.9307
IJC,2023-08-02,15:08:01,HOSE,STOCK,15.7,16.75,14.65,15.75,16.75,15.7,16.75,16.29,15.75,16.75,15.7,16.75,16.29,6292400.0,102519835000.0,0.0,0.0,1.05,1.05,6.6879
ITA,2023-08-02,15:08:01,HOSE,STOCK,5.7,6.09,5.31,5.66,5.78,5.63,5.73,5.7,5.66,5.78,5.63,5.73,5.7,3483000.0,19847414000.0,0.0,0.0,0.03,0.03,0.5263
ITC,2023-08-02,15:08:01,HOSE,STOCK,13.9,14.85,12.95,14.0,14.25,13.75,14.1,13.91,14.0,14.25,13.75,14.1,13.91,597000.0,8306070000.0,0.0,0.0,0.2,0.2,1.4388
KBC,2023-08-02,15:08:01,HOSE,STOCK,32.05,34.25,29.85,32.15,32.5,31.9,32.1,32.16,32.15,32.5,31.9,32.1,32.16,7566400.0,243312940000.0,0.0,0.0,0.05,0.05,0.156
LCG,2023-08-02,15:08:01,HOSE,STOCK,14.1,15.05,13.15,14.1,14.25,14.05,14.15,14.12,14.1,14.25,14.05,14.15,14.12,5458800.0,77061170000.0,0.0,0.0,0.05,0.05,0.3546
LDG,2023-08-02,15:08:01,HOSE,STOCK,6.0,6.42,5.58,5.93,6.21,5.91,6.2,6.08,5.93,6.21,5.91,6.2,6.08,8591500.0,52279060000.0,0.0,0.0,0.2,0.2,3.3333
LEC,2023-08-02,15:08:01,HOSE,STOCK,10.2,10.9,9.49,9.8,9.8,9.49,9.49,9.6,9.8,9.8,9.49,9.49,9.6,15500.0,148823000.0,0.0,0.0,-0.71,-0.71,-6.9608
LGC,2023-08-02,15:08:01,HOSE,STOCK,49.9,53.3,46.45,49.9,52.5,47.7,52.5,50.69,48.318,50.836,46.188,50.836,49.083,1900.0,96320000.0,0.0,0.0,2.6,2.5176,5.2104
LGL,2023-08-02,15:08:01,HOSE,STOCK,5.25,5.61,4.89,5.27,5.45,5.2,5.43,5.32,5.27,5.45,5.2,5.43,5.32,748500.0,3984039000.0,0.0,0.0,0.18,0.18,3.4286
LHG,2023-08-02,15:08:01,HOSE,STOCK,28.0,29.95,26.05,27.7,28.1,27.7,27.95,27.88,27.7,28.1,27.7,27.95,27.88,101000.0,2816195000.0,0.0,0.0,-0.05,-0.05,-0.1786
KOS,2023-08-02,15:08:01,HOSE,STOCK,38.95,41.65,36.25,38.95,39.0,38.75,39.0,38.92,38.95,39.0,38.75,39.0,38.92,316800.0,12330820000.0,900000.0,32670000000.0,0.05,0.05,0.1284
LM8,2023-08-02,15:08:01,HOSE,STOCK,14.0,14.95,13.05,14.4,14.4,14.4,14.4,14.4,14.4,14.4,14.4,14.4,14.4,1600.0,23040000.0,0.0,0.0,0.4,0.4,2.8571
EVG,2023-08-02,15:08:01,HOSE,STOCK,6.95,7.43,6.47,6.95,7.43,6.94,7.33,7.16,6.95,7.43,6.94,7.33,7.16,6592300.0,47211865000.0,0.0,0.0,0.38,0.38,5.4676
HAR,2023-08-02,15:08:01,HOSE,STOCK,4.81,5.14,4.48,4.8,4.89,4.75,4.89,4.81,4.8,4.89,4.75,4.89,4.81,917500.0,4412808000.0,0.0,0.0,0.08,0.08,1.6632
HAS,2023-08-02,15:08:01,HOSE,STOCK,8.49,9.08,7.9,8.49,8.49,8.49,8.49,0.0,8.49,8.49,8.49,8.49,0.0,0.0,0.0,0.0,0.0,0.0,0.0,0.0
DPG,2023-08-02,15:08:01,HOSE,STOCK,41.9,44.8,39.0,42.1,42.95,42.1,42.45,42.47,42.1,42.95,42.1,42.45,42.47,957000.0,40642340000.0,0.0,0.0,0.55,0.55,1.3126
DIG,2023-08-02,15:08:01,HOSE,STOCK,24.9,26.6,23.2,24.9,25.55,24.8,25.3,25.23,24.9,25.55,24.8,25.3,25.23,17893800.0,451428175000.0,0.0,0.0,0.4,0.4,1.6064
DC4,2023-08-02,15:08:01,HOSE,STOCK,10.4,11.1,9.68,10.3,10.3,9.9,10.1,10.08,10.3,10.3,9.9,10.1,10.08,146600.0,1477432000.0,0.0,0.0,-0.3,-0.3,-2.8846
DTA,2023-08-02,15:08:01,HOSE,STOCK,9.0,9.63,8.37,9.0,9.4,8.37,9.3,8.65,9.0,9.4,8.37,9.3,8.65,27800.0,240386000.0,0.0,0.0,0.3,0.3,3.3333
DXG,2023-08-02,15:08:01,HOSE,STOCK,18.05,19.3,16.8,18.05,18.65,18.05,18.55,18.42,18.05,18.65,18.05,18.55,18.42,26997200.0,497259105000.0,0.0,0.0,0.5,0.5,2.7701
DXS,2023-08-02,15:08:01,HOSE,STOCK,11.0,11.75,10.25,10.85,11.25,10.8,11.2,11.06,10.85,11.25,10.8,11.2,11.06,3217900.0,35581920000.0,0.0,0.0,0.2,0.2,1.8182
DRH,2023-08-02,15:08:01,HOSE,STOCK,7.1,7.59,6.61,7.1,7.19,7.01,7.12,7.1,7.1,7.19,7.01,7.12,7.1,4948900.0,35157219000.0,0.0,0.0,0.02,0.02,0.2817
FCN,2023-08-02,15:08:01,HOSE,STOCK,16.9,18.05,15.75,16.85,17.0,16.7,16.85,16.85,16.85,17.0,16.7,16.85,16.85,2194800.0,36987550000.0,0.0,0.0,-0.05,-0.05,-0.2959
FDC,2023-08-02,15:08:01,HOSE,STOCK,15.8,16.9,14.7,15.8,15.8,15.8,15.8,15.8,15.8,15.8,15.8,15.8,15.8,1300.0,20540000.0,0.0,0.0,0.0,0.0,0.0
FIR,2023-08-02,15:08:01,HOSE,STOCK,27.3,29.2,25.4,27.4,27.9,26.9,27.8,27.51,27.4,27.9,26.9,27.8,27.51,378300.0,10405815000.0,0.0,0.0,0.5,0.5,1.8315
BCE,2023-08-02,15:08:01,HOSE,STOCK,7.12,7.61,6.63,7.0,7.18,7.0,7.1,7.04,7.0,7.18,7.0,7.1,7.04,203000.0,1428546000.0,0.0,0.0,-0.02,-0.02,-0.2809
BCG,2023-08-02,15:08:01,HOSE,STOCK,10.4,11.1,9.68,10.4,11.1,10.4,11.1,10.81,10.4,11.1,10.4,11.1,10.81,18821400.0,203374020000.0,0.0,0.0,0.7,0.7,6.7308
BCM,2023-08-02,15:08:01,HOSE,STOCK,79.0,84.5,73.5,78.7,78.9,77.7,77.9,78.04,78.7,78.9,77.7,77.9,78.04,139600.0,10894160000.0,0.0,0.0,-1.1,-1.1,-1.3924
AGG,2023-08-02,15:08:01,HOSE,STOCK,30.7,32.8,28.6,30.7,31.0,30.4,30.4,30.53,30.7,31.0,30.4,30.4,30.53,482400.0,14727760000.0,0.0,0.0,-0.3,-0.3,-0.9772
CRE,2023-08-02,15:08:01,HOSE,STOCK,9.95,10.6,9.26,9.95,10.2,9.95,10.2,10.08,9.95,10.2,9.95,10.2,10.08,1435200.0,14471987000.0,0.0,0.0,0.25,0.25,2.5126
